Document Type(Category),Title,Year,Citations(Cited By),DOI(if applicable),Link
Journal Review,The paradox of child labor and anthropology,1996,465,10.1146/anthro.672,https://www.universiteitleiden.nl/binaries/content/assets/sociale-wetenschappen/ca-os/proefstuderen-artikelen/annurev.anthro.25.1.237.pdf
Journal Review,"Child labor, child schooling, and their interaction with adult labor: Empirical evidence for Peru and Pakistan",2000,516,,https://citeseerx.ist.psu.edu/document?repid=rep1&type=pdf&doi=3c7d4a1da2e3169d2c07720c8e897e6d0b14d8cc
Journal Review,Modern slavery in global supply chains: can national action plans on business and human rights close the governance gap?,2019,25,,
Journal Review,Beyond victimhood and beyond employment? Exploring avenues for labour law to empower women trafficked into the sex industry,2019,5,10.1093/indlaw/dwy015,https://www.scopus.com/inward/record.uri?eid=2-s2.0-85056886444&doi=10.1093%2findlaw%2fdwy015&partnerID=40&md5=63ca8c0213549f764666502a86a91d2c
Journal Review,Capitalism and unfree labor: a review of Marxist perspectives on modern slavery,2020,99,,https://eprints.whiterose.ac.uk/149433/22/Rioux%2C%20LeBaron%20and%20Verovsek%20-%20Capitalism%20and%20unfree%20labour.pdf
Journal Review,How does international migration impact on rural areas in developing countries? A systematic review,2020,9,10.1016/j.jrurstud.2020.09.016,https://www.scopus.com/inward/record.uri?eid=2-s2.0-85092136684&doi=10.1016%2fj.jrurstud.2020.09.016&partnerID=40&md5=6fdaadf96fc4c82ce1d41e9b45a90a8e
Journal Review,Sweated labor as a social phenomenon lessons from the 19th century sweatshop discussion,2021,7,10.1007/s10551-019-04293-7,https://link.springer.com/article/10.1007/s10551-019-04293-7
Journal Review,A four-year analysis of labor trafficking cases in the United States: Exploring characteristics and labor trafficking patterns,2021,45,,https://www.tandfonline.com/doi/abs/10.1080/23322705.2019.1638148
Journal Review,Citizenship and exploitation in the case of an “innovative” farm; [Cittadinanze e sfruttamento nel caso di un’azienda agricola “innovativa”],2021,2,10.1441/100866,https://www.scopus.com/inward/record.uri?eid=2-s2.0-85112797462&doi=10.1441%2f100866&partnerID=40&md5=54c4f22843a5404cc4168551a8564754
Journal Review,Room for manoeuvre in times of change the Bremer Vulcan Ag in World War II and the postwar period; [Handlungsspielräume in Umbruchszeiten Der Bremer Vulkan im Zweiten Weltkrieg und in der Nachkriegszeit],2021,0,10.1515/zug-2021-0008,https://www.scopus.com/inward/record.uri?eid=2-s2.0-85116055265&doi=10.1515%2fzug-2021-0008&partnerID=40&md5=597540e4347955a1cca074d02ad0bd7a
Journal Review,For a multidimensional approach to labour exploitation; [Per un approccio multidimensionale allo sfruttamento lavorativo],2021,10,10.1441/100860,https://www.scopus.com/inward/record.uri?eid=2-s2.0-85112835633&doi=10.1441%2f100860&partnerID=40&md5=24f0db0518fd412217a322244eca591b
Journal Review,«Repression is not enough». About caporalato and agricultural labour exploitation; [«Non basta la repressione». A proposito di caporalato e sfruttamento del lavoro in agricoltura],2021,4,10.1441/100863,https://www.scopus.com/inward/record.uri?eid=2-s2.0-85112807083&doi=10.1441%2f100863&partnerID=40&md5=db5e8c48df4b948fe4e3c7254df33ea4
Journal Review,"Occupational agricultural injuries among the preadolescent workers of West Bengal, India",2021,9,10.1515/ijamh-2018-0178,https://www.scopus.com/inward/record.uri?eid=2-s2.0-85058824420&doi=10.1515%2fijamh-2018-0178&partnerID=40&md5=394c41e7aba09cc57eda7a7b64147b0c
Journal Review,Child farm-related injury in australia: A review of the literature,2021,10,10.3390/ijerph18116063,https://www.scopus.com/inward/record.uri?eid=2-s2.0-85107194374&doi=10.3390%2fijerph18116063&partnerID=40&md5=04784214547a79b2069ad95fc8660e17
Journal Review,Setting priorities to achieve Sustainable Development Goals through appropriate waste management systems in Uganda,2022,15,10.1016/j.envdev.2022.100764,https://www.scopus.com/inward/record.uri?eid=2-s2.0-85140056156&doi=10.1016%2fj.envdev.2022.100764&partnerID=40&md5=a31cc76fdae02a1bf57fc78ed9a7fcdb
Journal Review,The Green Transition in Context—Cobalt Responsible Sourcing for Battery Manufacturing,2022,16,10.1080/08941920.2022.2049410,https://www.scopus.com/inward/record.uri?eid=2-s2.0-85127147525&doi=10.1080%2f08941920.2022.2049410&partnerID=40&md5=c74fb057a01d9a8e0c8d04d502119007
Journal Review,"A systematic literature review of modern slavery in supply chain management: State of the art, framework development and research opportunities",2023,5,10.1016/j.jclepro.2023.140301,https://orca.cardiff.ac.uk/id/eprint/165040/8/1-s2.0-S0959652623044591-main.pdf
Journal Review,Different shades of minimalism: The multilateral construction of labour clauses in the UK-Australia and UK-New Zealand FTAs,2023,2,10.1080/09615768.2023.2199467,https://www.tandfonline.com/doi/pdf/10.1080/09615768.2023.2199467
Journal Review,The impact of brick kilns on environment and society: a bibliometric and thematic review,2023,6,10.1007/s11356-023-26011-7,https://www.scopus.com/inward/record.uri?eid=2-s2.0-85148634714&doi=10.1007%2fs11356-023-26011-7&partnerID=40&md5=6fe7308531590699938313eeacc0a3d9
Journal Review,Modern slavery in supply chains: a systematic literature review,2024,27,10.1080/13675567.2022.2118696,https://www.tandfonline.com/doi/pdf/10.1080/13675567.2022.2118696
Journal Review,Private and public co-operation in preventing and addressing corporate crime: the case of labour trafficking in the Finnish construction industry,2024,3,,https://link.springer.com/content/pdf/10.1007/s10611-023-10110-0.pdf
Conference review,An Overview of the Legislation on Sustainability and Strategy Accessing the Sustainability Performance of Road Construction Projects in Vietnam,2022,1,,
Conference review,Work in agriculture in the international scientific literature (2010-2019).,2022,0,,
Conference review,Work in agriculture in the international scientific literature (2010-2019); [Le travail en agriculture dans la littérature académique internationale (2010-2019)],2022,0,10.1051/cagri/2022021,https://www.scopus.com/inward/record.uri?eid=2-s2.0-85141306629&doi=10.1051%2fcagri%2f2022021&partnerID=40&md5=b02fb6845458b82269356137b9ac5fa7
Conference review,Modern slavery in supply chains: toward a theoretically based research agenda,2024,0,,https://papers.ssrn.com/sol3/Delivery.cfm?abstractid=4902502
Article,Sow What You Know: The Struggle for Social Reproduction in Rural Sudan,1991,126,10.1111/j.1467-8306.1991.tb01706.x,https://www.scopus.com/inward/record.uri?eid=2-s2.0-0026272976&doi=10.1111%2fj.1467-8306.1991.tb01706.x&partnerID=40&md5=867f153d58805c1bc913632c77186cdc
Article,Child labor and schooling in Ghana,1997,513,,https://papers.ssrn.com/sol3/Delivery.cfm?abstractid=620598
Article,"Child labor: cause, consequence, and cure, with remarks on international labor standards",1999,1828,,https://papers.ssrn.com/sol3/Delivery.cfm?abstractid=604927
Article,State Child Labor Laws and the Decline of Child Labor,1999,103,10.1006/exeh.1998.0712,https://www.scopus.com/inward/record.uri?eid=2-s2.0-0037954817&doi=10.1006%2fexeh.1998.0712&partnerID=40&md5=1b0cbce342036d4c3ab52ecbe47db94a
Article,"Family structure, parental perceptions, and child labor in Kenya: What factors determine who is enrolled in school?",2000,464,,
Article,Is child labor inefficient?,2000,1297,,https://www.academia.edu/download/75785496/96fdb14cad1df8d15863904ad9e26810c74e.pdf
Article,Re-embedding global agriculture: The international organic and fair trade movements,2000,985,,https://cfat.colostate.edu/wp-content/uploads/sites/63/2009/06/Raynolds-2000.pdf
Article,Globalization and home-based workers,2000,431,,https://citeseerx.ist.psu.edu/document?repid=rep1&type=pdf&doi=6d87363df01ceb5a16468ed598854e403fb530e9
Article,"Globalization, athletic footwear commodity chains and employment relations in China",2001,145,10.1177/0170840601224001,https://www.scopus.com/inward/record.uri?eid=2-s2.0-0039330666&doi=10.1177%2f0170840601224001&partnerID=40&md5=e95ffb141065bf8a6e65d9d2caac450c
Article,Responsibility: The new business imperative,2002,1175,,https://www.researchgate.net/profile/Charles-Bodwell/publication/282750114_Responsibility_The_new_business_imperative/links/602cd6574585158939ad7155/Responsibility-The-new-business-imperative.pdf
Article,The global child labor problem: what do we know and what can we do?,2003,584,,https://www.flowdas.com/wp-content/uploads/2009/09/338750PAPER0WBER0171201PUBLIC11.pdf#page=7
Article,Child labor in the global economy,2005,723,,https://pubs.aeaweb.org/doi/pdf/10.1257/0895330053147895
Article,Child labor and agricultural shocks,2006,735,,https://citeseerx.ist.psu.edu/document?repid=rep1&type=pdf&doi=aed6842020be7fec4d8f3c7471517b95f5eb23a7
Article,Child labor,2007,703,,https://www.nber.org/system/files/working_papers/w12926/w12926.pdf
Article,The social construction of sex trafficking: Ideology and institutionalization of a moral crusade,2007,1081,,https://papers.ssrn.com/sol3/Delivery.cfm?abstractid=1877986
Article,"A dark side of institutional entrepreneurship: Soccer balls, child labour and postcolonial impoverishment",2007,312,10.1177/0170840607078114,https://www.scopus.com/inward/record.uri?eid=2-s2.0-34250378372&doi=10.1177%2f0170840607078114&partnerID=40&md5=c44f5b31b5ad004917327f27d5f4c0cc
Article,Impacts of corporate code of conduct on labor standards: A case study of Reebok's athletic footwear supplier factory in China,2008,440,,
Article,"Monitoring sweatshops: Workers, consumers, and the global apparel industry",2009,535,,
Article,"Why should we care about child labor?: The education, labor market, and health consequences of child labor",2009,567,,https://www.nber.org/system/files/working_papers/w10980/w10980.pdf
Article,"Clusters, Chains and Compliance: Corporate Social Responsibility and Governance in Football Manufacturing in South Asia",2010,135,10.1007/s10551-010-0561-7,https://www.scopus.com/inward/record.uri?eid=2-s2.0-78650416332&doi=10.1007%2fs10551-010-0561-7&partnerID=40&md5=0db23e4a56e3d78a3e939f94fa78840b
Article,Modern slavery as a management practice: Exploring the conditions and capabilities for human exploitation,2013,649,,https://papers.ssrn.com/sol3/Delivery.cfm?abstractid=2070311
Article,"Selection, agriculture, and cross-country productivity differences",2013,651,,https://papers.ssrn.com/sol3/Delivery.cfm?abstractid=1989679
Article,Unfree labour and adverse incorporation in the global economy: Comparative perspectives on Brazil and India,2013,143,10.1080/03085147.2012.718630,https://www.scopus.com/inward/record.uri?eid=2-s2.0-84875371733&doi=10.1080%2f03085147.2012.718630&partnerID=40&md5=5a824123cbaf1abc0093dce72c1fda90
Article,Building trust between consumers and corporations: The role of consumer perceptions of transparency and social responsibility,2014,664,,https://www.researchgate.net/profile/Gwendolyn-Hustvedt/publication/258162027_Building_Trust_Between_Consumers_and_Corporations_The_Role_of_Consumer_Perceptions_of_Transparency_and_Social_Responsibility/links/55e710a908ae3e121841fc3a/Building-Trust-Betwee
Article,Social sustainability in developing country suppliers: An exploratory study in the ready made garments industry of Bangladesh,2014,285,10.1108/IJOPM-10-2012-0467,https://www.scopus.com/inward/record.uri?eid=2-s2.0-84899768144&doi=10.1108%2fIJOPM-10-2012-0467&partnerID=40&md5=20b95878057d0e3a2f9b00bd39407ff2
Article,Modern slavery challenges to supply chain management,2015,409,,https://www.nottingham.ac.uk/research/beacons-of-excellence/rights-lab/resources/academic-publications/2019/march/trautrims-supply-chain-management.pdf
Article,The relationship between disclosures of corporate social performance and financial performance: Evidences from GRI reports in manufacturing industry,2015,414,,https://www.diva-portal.org/smash/record.jsf?pid=diva2:808196
Article,Modern slavery and the supply chain: the limits of corporate social responsibility?,2015,182,10.1108/SCM-06-2015-0201,https://www.scopus.com/inward/record.uri?eid=2-s2.0-84944885673&doi=10.1108%2fSCM-06-2015-0201&partnerID=40&md5=49b11ba5e26d848196baaf2433e5d6a8
Article,Sex trafficking: Inside the business of modern slavery,2017,1030,,https://www.carnegiecouncil.org/media/series/gpi/20090104-sex-trafficking-inside-the-business-of-modern-slavery
Article,CSR Institutionalized Myths in Developing Countries: An Imminent Threat of Selective Decoupling,2017,131,10.1177/0007650315584303,https://www.scopus.com/inward/record.uri?eid=2-s2.0-85012901846&doi=10.1177%2f0007650315584303&partnerID=40&md5=1cd8eb5acbcaa979e28ed7a5c34cb341
Article,"Governing interfirm relationships for social sustainability: The relationship between governance mechanisms, sustainable collaboration, and cultural intelligence",2018,100,10.3390/su10124473,https://www.scopus.com/inward/record.uri?eid=2-s2.0-85057437713&doi=10.3390%2fsu10124473&partnerID=40&md5=6df9e85c42e0a19a66552cf58492fd6d
Article,Child labor and health: a systematic literature review of the impacts of child labor on child's health in low-and middle-income countries,2019,195,,https://academic.oup.com/jpubhealth/article-pdf/41/1/18/28546266/fdy018.pdf
Article,Brick kilns of Nepal: a non-governmental organization perspective,2019,13,,https://www.scirp.org/journal/paperinformation?paperid=90373
Article,Trade and Child Labor: A Review of Literature,2019,5,,https://www.researchgate.net/profile/Bilal-Tariq/publication/338583931_Trade_and_Child_Labor_A_Review_of_Literature/links/5e2002ed458515ba208a86e0/Trade-and-Child-Labor-A-Review-of-Literature.pdf
Article,Combating child labor: Incentives and information disclosure in global supply chains,2019,161,,https://papers.ssrn.com/sol3/Delivery.cfm?abstractid=2552268
Article,Quality of sweatshop factory outdoor environments matters for workers' stress and anxiety: A participatory smartphone-photography survey,2019,33,,https://uehh.hku.hk/wp-content/uploads/2022/08/9Quality-of-sweatshop-factory-outdoor-environments-matters-for-workers-stress-and-anxiety-A-participatory-smartphone-photography-survey.pdf
Article,Transparency in supply chains and the lived experiences of workers and their families in the garment sectors of Bangladesh and Myanmar,2019,19,,https://research-information.bris.ac.uk/files/209886884/JBA_7s1_02_Vaughn_Balch_Johns_Currie.pdf
Article,Corporate social responsibility beyond borders: US consumer boycotts of a global company over sweatshop issues in supplier factories overseas,2019,27,,
Article,"Sweatshops, exploitation, and the case for a fair wage",2019,52,,https://onlinelibrary.wiley.com/doi/pdfdirect/10.1111/jopp.12155
Article,"Displacement, deprivation and hard work among Syrian refugee children in Lebanon",2019,30,10.1136/bmjgh-2018-001122,https://www.scopus.com/inward/record.uri?eid=2-s2.0-85061812820&doi=10.1136%2fbmjgh-2018-001122&partnerID=40&md5=4fab9b2837dbfc2427aa99b3fa489d99
Article,The impact of MGNREGS on child labour and child education: an empirical analysis,2019,3,10.1080/09614524.2018.1557110,https://www.scopus.com/inward/record.uri?eid=2-s2.0-85059002491&doi=10.1080%2f09614524.2018.1557110&partnerID=40&md5=a5cc0cadc199a8012f6b941e30a013c6
Article,"Socioecological transition in land and labour exploitation in Mallorca: From slavery to a low-wage workforce, 1229-1576",2019,5,10.3390/su11010168,https://www.scopus.com/inward/record.uri?eid=2-s2.0-85059346391&doi=10.3390%2fsu11010168&partnerID=40&md5=0e709593a80518743e4e32d0ff5744ac
Article,Quality of sweatshop factory outdoor environments matters for workers’ stress and anxiety: A participatory smartphone-photography survey,2019,18,10.1016/j.jenvp.2019.101336,https://www.scopus.com/inward/record.uri?eid=2-s2.0-85070957425&doi=10.1016%2fj.jenvp.2019.101336&partnerID=40&md5=07be0fd089a85bfe3ef320b10e9869cb
Article,"Victims of trafficking and modern slavery or agents of change? Migrants, brokers, and the state in Ghana and Myanmar",2019,15,10.5871/jba/007s1.077,https://www.scopus.com/inward/record.uri?eid=2-s2.0-85100466060&doi=10.5871%2fjba%2f007s1.077&partnerID=40&md5=717abb98974515bd96155cc3e20c3e52
Article,"Children at Work, Child Labor and Modern Slavery in India: An Overview",2019,18,10.1007/s13312-019-1584-5,https://www.scopus.com/inward/record.uri?eid=2-s2.0-85071617126&doi=10.1007%2fs13312-019-1584-5&partnerID=40&md5=6897f386a5abf5c9632160cc3c6fd6a2
Article,“Be careful!” Perceptions of work-safety culture among hired Latinx child farmworkers in North Carolina,2019,16,10.1002/ajim.23045,https://www.scopus.com/inward/record.uri?eid=2-s2.0-85071761405&doi=10.1002%2fajim.23045&partnerID=40&md5=8c83d3242eb636f63dda21ad04ebe797
Article,The impact of agricultural production factors on children’s health,2019,1,10.36740/wlek201910130,https://www.scopus.com/inward/record.uri?eid=2-s2.0-85078815364&doi=10.36740%2fwlek201910130&partnerID=40&md5=f7af985e1337439a5ecf222bd7bb24c7
Article,The construction of a slave identity: an examination of the dual identity of indentured labourers across the Western Pacific,2019,1,10.1080/0023656X.2019.1584272,https://www.scopus.com/inward/record.uri?eid=2-s2.0-85063029805&doi=10.1080%2f0023656X.2019.1584272&partnerID=40&md5=06d65adcd5fa152209faaa957728c0cd
Article,"Health hazards and risks for musculoskeletal problems among child labourers in the brickfield sector of West Bengal, India",2019,13,10.1093/inthealth/ihy071,https://www.scopus.com/inward/record.uri?eid=2-s2.0-85069268693&doi=10.1093%2finthealth%2fihy071&partnerID=40&md5=e221fe84f00326d83883a19f166169cd
Article,"Evaluation of benzene exposure and early biomarkers of kidney damage in children exposed to solvents due to precarious work in ticul, yucatán, méxico",2019,17,10.5334/aogh.2538,https://www.scopus.com/inward/record.uri?eid=2-s2.0-85069267242&doi=10.5334%2faogh.2538&partnerID=40&md5=b4b02b453241caa3a9f0c813537d6644
Article,Latinx child farmworkers in North Carolina: Study design and participant baseline characteristics,2019,27,10.1002/ajim.22938,https://www.scopus.com/inward/record.uri?eid=2-s2.0-85059249044&doi=10.1002%2fajim.22938&partnerID=40&md5=537b2a1c5c8d38ea7fdb301585ca8308
Article,"Upgrading products, upgrading work? Interorganizational learning in global food value chains to achieve the Sustainable Development Goals",2019,5,10.14512/gaia.28.2.11,https://www.scopus.com/inward/record.uri?eid=2-s2.0-85069193715&doi=10.14512%2fgaia.28.2.11&partnerID=40&md5=73f49c7e1b1155b08276176941761cc0
Article,Economies of Childness in Cynthia Voigt’s Homecoming,2019,1,10.1007/s10583-018-9375-5,https://www.scopus.com/inward/record.uri?eid=2-s2.0-85061200730&doi=10.1007%2fs10583-018-9375-5&partnerID=40&md5=62e2ad8c6e8d3598f2a4f5097e69759c
Article,"Reports and Victims of Sex and Labor Trafficking in a Major Midwest Metropolitan Area, 2008-2017",2019,10,10.1177/0033354919854479,https://www.scopus.com/inward/record.uri?eid=2-s2.0-85067825537&doi=10.1177%2f0033354919854479&partnerID=40&md5=f514108ad64dc9c2ed4d83c890377304
Article,Hired Latinx child farm labor in North Carolina: The demand-support-control model applied to a vulnerable worker population,2019,24,10.1002/ajim.23039,https://www.scopus.com/inward/record.uri?eid=2-s2.0-85070928174&doi=10.1002%2fajim.23039&partnerID=40&md5=5b32a31c0baff1ba6a528a5c4094632b
Article,Will an increase in landholding size reduce child labour in the presence of unemployment? A theoretical analysis,2019,2,10.2298/EKA1921085C,https://www.scopus.com/inward/record.uri?eid=2-s2.0-85078228935&doi=10.2298%2fEKA1921085C&partnerID=40&md5=72a582d7d694fcbac1814b05fb46c896
Article,‘Afterschool and during vacations’: on labor and schooling in the postcolony,2019,15,10.1080/14733285.2018.1490008,https://www.scopus.com/inward/record.uri?eid=2-s2.0-85049623340&doi=10.1080%2f14733285.2018.1490008&partnerID=40&md5=234bf7b162396b453f148eab9abf5712
Article,When governments create unfreedom: rehumanizing migrant domestic workers,2019,3,10.1080/10301763.2019.1643820,https://www.scopus.com/inward/record.uri?eid=2-s2.0-85129836445&doi=10.1080%2f10301763.2019.1643820&partnerID=40&md5=51825888291a45a5b3679b462e75baf9
Article,"Images of work, images of defiance: engaging migrant farm worker voice through community-based arts",2019,14,10.1007/s10460-018-9861-9,https://www.scopus.com/inward/record.uri?eid=2-s2.0-85044528636&doi=10.1007%2fs10460-018-9861-9&partnerID=40&md5=8e0c9c06fc64bcae808fc26c18389a3b
Article,"Livelihood Risk, Culture, and the HIV Interface: Evidence from Lakeshore Border Communities in Buliisa District, Uganda",2019,12,10.1155/2019/6496240,https://www.scopus.com/inward/record.uri?eid=2-s2.0-85066398334&doi=10.1155%2f2019%2f6496240&partnerID=40&md5=a10cddb049c3ffdee40a3b00c32a8323
Article,Estimating the economic incentives necessary for eliminating child labor in Ghanaian cocoa production,2019,17,10.1371/journal.pone.0217230,https://www.scopus.com/inward/record.uri?eid=2-s2.0-85067172567&doi=10.1371%2fjournal.pone.0217230&partnerID=40&md5=f81adc6c501c77cf4e1a61b76094e0d2
Article,Understanding labour exploitation in the Spanish agricultural sector using an agent based approach,2019,28,10.1016/j.jclepro.2018.12.282,https://www.scopus.com/inward/record.uri?eid=2-s2.0-85059697157&doi=10.1016%2fj.jclepro.2018.12.282&partnerID=40&md5=c35f9e6d09361b7fad052d9a723dacc0
Article,Combating child labor: Incentives and information disclosure in global supply chains,2019,90,10.1287/msom.2018.0733,https://www.scopus.com/inward/record.uri?eid=2-s2.0-85074541923&doi=10.1287%2fmsom.2018.0733&partnerID=40&md5=453e556b44f2ccf707913e6b52f5c2d9
Article,Making a global poverty chain: export footwear production and gendered labor exploitation in Eastern and Central Europe,2020,36,,https://sussex.figshare.com/articles/journal_contribution/Making_a_global_poverty_chain_export_footwear_production_and_gendered_labor_exploitation_in_Eastern_and_Central_Europe/23470463/1/files/41179088.pdf
Article,"An analytical study of child labour in the agriculture sector of the rural areas of central Punjab, Pakistan",2020,16,,https://dl.nsf.gov.lk/bitstream/handle/1/25162/SLJSS_43_1_21.pdf?sequence=2
Article,"The North Korean Workers in Russia: problematizing the"" forced labor"" discourse",2020,8,,https://muse.jhu.edu/article/748244/pdf
Article,Traceability in the construction supply chain,2020,0,,https://repository.lboro.ac.uk/articles/thesis/Traceability_in_the_construction_supply_chain/14754492/1/files/28353285.pdf
Article,From lean manufacturing to smart factory: communication in work organization processes in contemporary capitalism.,2020,1,,https://www.researchgate.net/profile/Claudia-Nociolini-Rebechi/publication/342110412_FROM_LEAN_MANUFACTURING_TO_SMART_FACTORY_COMMUNICATION_IN_WORK_ORGANIZATION_PROCESSES_IN_CONTEMPORARY_CAPITALISM/links/5ee2aa9c92851ce9e7dcaad9/FROM-LEAN-MANUFACTURING-TO
Article,Lost in Translation: Sustainability down the Construction Supply Chain,2020,2,,https://www.iso20400.org/wp-content/uploads/formidable/16/Article-ISO20400-publication-version-8.1.20.pdf
Article,Understanding Culture Within the Construction Industry through Lifelong Learning (SLO 24),2020,0,,https://digitalcommons.calpoly.edu/cgi/viewcontent.cgi?article=1500&context=cmsp
Article,A look at labor issues in the manufacturing of fashion through the perspective of human trafficking and modern-day slavery,2020,11,,
Article,"Surveillance by another name: The Modern Slavery Act, global factory workers, and part-time sex work in Sri Lanka",2020,22,,https://repository.essex.ac.uk/23396/1/Surveillance%20paper-%2010-18-18.pdf
Article,Cocoa and child slavery in West Africa,2020,8,,
Article,Exporting sweatshops? evidence from myanmar,2020,89,,https://papers.ssrn.com/sol3/Delivery.cfm?abstractid=2938903
Article,System architecture for blockchain based transparency of supply chain social sustainability,2020,433,,https://repository.essex.ac.uk/27955/1/RCIM_Blockchain_social_sustainability_Authorscopy.pdf
Article,Fighting racism in Turkey: Kurdish homeownership as an anti-racist practice,2020,18,,https://www.academia.edu/download/64687114/Gullistan_Yarkin_Fighting_racism_in_Turkey_Kurdish_homeownership_as_an_antiracist_practice.pdf
Article,Assessing supply chain performance from the perspective of Pakistan's manufacturing industry through social sustainability,2020,90,,https://www.mdpi.com/2227-9717/8/9/1064/pdf
Article,Heat-Related Illness Among Latinx Child Farmworkers in North Carolina: A Mixed-Methods Study,2020,27,10.1177/1048291120920571,https://www.scopus.com/inward/record.uri?eid=2-s2.0-85084486669&doi=10.1177%2f1048291120920571&partnerID=40&md5=d3f1241c8e4556c8828b3a89d670d2af
Article,Child Labor and Rainfall Deviation: Panel Data Evidence from Rural Vietnam,2020,7,10.1111/deve.12215,https://www.scopus.com/inward/record.uri?eid=2-s2.0-85074021952&doi=10.1111%2fdeve.12215&partnerID=40&md5=fa91c0b8df67d1224c3435374fa03d1e
Article,Does Conservation Agriculture Change Labour Requirements? Evidence of Sustainable Intensification in Sub-Saharan Africa,2020,25,10.1111/1477-9552.12353,https://www.scopus.com/inward/record.uri?eid=2-s2.0-85070784622&doi=10.1111%2f1477-9552.12353&partnerID=40&md5=c40625fd19a4bab30098ef3a972ef00e
Article,"The Historian, the Premier and Forced Labour in the Cape Colony, 1878–1879",2020,0,10.1080/03057070.2020.1763030,https://www.scopus.com/inward/record.uri?eid=2-s2.0-85087084588&doi=10.1080%2f03057070.2020.1763030&partnerID=40&md5=6e2e5271fadeb4ba3c9cc2e89f41c80c
Article,"Struggling Foreign Small- and Medium-Sized Factories in Coastal China: Liquidate, Move, or Fly by Night?",2020,1,10.1177/0097700419854658,https://www.scopus.com/inward/record.uri?eid=2-s2.0-85068338803&doi=10.1177%2f0097700419854658&partnerID=40&md5=16ee2e618c688cbe2e6c42adf1cfa360
Article,Land reform and human capital development: Evidence from Peru,2020,15,10.1016/j.jdeveco.2020.102540,https://www.scopus.com/inward/record.uri?eid=2-s2.0-85091194930&doi=10.1016%2fj.jdeveco.2020.102540&partnerID=40&md5=01088f613adbe5ff80e9762cecf74cdc
Article,"Forgotten nazi forced labour camps: Arbeitslager riese (Lower Silesia, SE Poland) and the use of archival aerial photography and contemporary LiDAR and ground truth data to identify and delineate camp areas",2020,3,10.3390/rs12111802,https://www.scopus.com/inward/record.uri?eid=2-s2.0-85086462409&doi=10.3390%2frs12111802&partnerID=40&md5=72e817869fd149f5ce7fca7afa67173a
Article,"Challenges to pre-migration interventions to prevent human trafficking: Results from a before-and-after learning assessment of training for prospective female migrants in Odisha, India",2020,5,10.1371/journal.pone.0238778,https://www.scopus.com/inward/record.uri?eid=2-s2.0-85091192507&doi=10.1371%2fjournal.pone.0238778&partnerID=40&md5=412d8423459017fa87eda4f075ea6603
Article,Environmental Violence and the Socio-environmental (de)Evolution of a Landscape in the San Quintín Valley,2020,6,10.1177/0094582X20951774,https://www.scopus.com/inward/record.uri?eid=2-s2.0-85091684474&doi=10.1177%2f0094582X20951774&partnerID=40&md5=17284e245ff73ad52a06923daeee3d3a
Article,"Malnutrition and food insecurity in child labourers in Sindh, Pakistan: A cross-sectional study; [Étude transversale de la malnutrition et de l’insécurité alimentaire chez les enfants travailleurs du Sindh (Pakistan)]",2020,6,10.26719/emhj.20.040,https://www.scopus.com/inward/record.uri?eid=2-s2.0-85091752903&doi=10.26719%2femhj.20.040&partnerID=40&md5=70be915bd3d62d2eb9902300d8104859
Article,"Framing the mother tac: The racialised, sexualised and gendered politics of modern slavery in Australia",2020,4,10.3390/socsci9110192,https://www.scopus.com/inward/record.uri?eid=2-s2.0-85094668524&doi=10.3390%2fsocsci9110192&partnerID=40&md5=c57f2d7149d33f0f430cf29e4f515289
Article,Children’s work in African agriculture: Time for a rethink,2020,7,10.1177/0030727020930330,https://www.scopus.com/inward/record.uri?eid=2-s2.0-85086233783&doi=10.1177%2f0030727020930330&partnerID=40&md5=3499bf351b4e8a9c4bb57f9307616c25
Article,Modern slavery and public health: a rapid evidence assessment and an emergent public health approach,2020,23,10.1016/j.puhe.2019.10.018,https://www.scopus.com/inward/record.uri?eid=2-s2.0-85077927733&doi=10.1016%2fj.puhe.2019.10.018&partnerID=40&md5=1a3c71f663a49d48feb48d5c377ff073
Article,Soil and Water Conservation technology adoption and labour allocation: Evidence from Ethiopia,2020,27,10.1016/j.worlddev.2019.104754,https://www.scopus.com/inward/record.uri?eid=2-s2.0-85075302753&doi=10.1016%2fj.worlddev.2019.104754&partnerID=40&md5=b3dfa655c8650b9f4b6a90d4b5bc5e72
Article,Child Labor in Farming Households in the Niger Delta Region of Nigeria,2020,5,10.1177/0169796X19873744,https://www.scopus.com/inward/record.uri?eid=2-s2.0-85077022205&doi=10.1177%2f0169796X19873744&partnerID=40&md5=77fbcb21aa33091c1d2d1d482666d6d5
Article,SLAVES IN BRONZE AGE SOUTHERN SCANDINAVIA?,2020,2,10.1111/j.1600-0390.2020.12225.x,https://www.scopus.com/inward/record.uri?eid=2-s2.0-85086344208&doi=10.1111%2fj.1600-0390.2020.12225.x&partnerID=40&md5=a6e4ade9a2fd2f1b92396cbc840058fa
Article,Volunteer translators as ‘committed individuals’ or ‘providers of free labor’? The discursive construction of ‘volunteer translators’ in a commercial online learning platform translation controversy,2020,6,10.7202/1073636AR,https://www.scopus.com/inward/record.uri?eid=2-s2.0-85097867609&doi=10.7202%2f1073636AR&partnerID=40&md5=e16d47cb64a4cc0f2697263338b80c5d
Article,Long-Run Impacts of Agricultural Shocks on Educational Attainment: Evidence from the Boll Weevil,2020,14,10.1017/S0022050719000779,https://www.scopus.com/inward/record.uri?eid=2-s2.0-85077990756&doi=10.1017%2fS0022050719000779&partnerID=40&md5=97a8127c9e7eb95ff4bfe4fb9be78e1b
Article,Respiratory health and suspected asthma among hired latinx child farmworkers in rural north carolina,2020,9,10.3390/ijerph17217939,https://www.scopus.com/inward/record.uri?eid=2-s2.0-85095397291&doi=10.3390%2fijerph17217939&partnerID=40&md5=7bcdf2f578f6f5bbd9f81dbd9350fc84
Article,Work safety culture of Latinx child farmworkers in North Carolina,2020,13,10.1002/ajim.23161,https://www.scopus.com/inward/record.uri?eid=2-s2.0-85088988772&doi=10.1002%2fajim.23161&partnerID=40&md5=52b15df36927f8b8ef8d3f2dad3175be
Article,Structural change and the fertility transition,2020,8,10.1162/rest_a_00851,https://www.scopus.com/inward/record.uri?eid=2-s2.0-85093869432&doi=10.1162%2frest_a_00851&partnerID=40&md5=d462364d454d29d4b35d21a7a2b45b5e
Article,Quando o Estado de exceção se torna permanente: Reflexões sobre a militarização da segurança pública no Brasil,2020,7,10.11606/0103-2070.ts.2020.158668,https://www.scopus.com/inward/record.uri?eid=2-s2.0-85092359065&doi=10.11606%2f0103-2070.ts.2020.158668&partnerID=40&md5=bda6e0ac0299bdcd291950a2522de122
Article,Occupational Injuries of Latinx Child Farmworkers in North Carolina: Associations With Work Safety Culture,2020,6,10.1097/JOM.0000000000001982,https://www.scopus.com/inward/record.uri?eid=2-s2.0-85092681966&doi=10.1097%2fJOM.0000000000001982&partnerID=40&md5=dbafa15b62e36b510306bea9e981c699
Article,A protocol for the definition of supply chains in product social life cycle assessment: application to bioelectricity,2020,28,10.1039/d0se00919a,https://www.scopus.com/inward/record.uri?eid=2-s2.0-85095110163&doi=10.1039%2fd0se00919a&partnerID=40&md5=f44cf99a5e1869ccf8a7c5d9925a5a71
Article,"An analytical study of child labour in the agriculture sector of the rural areas of central Punjab, Pakistan",2020,7,10.4038/SLJSS.V43I1.7730,https://www.scopus.com/inward/record.uri?eid=2-s2.0-85092524900&doi=10.4038%2fSLJSS.V43I1.7730&partnerID=40&md5=4cf3e5e33f3d0930a704cbacc99bc579
Article,Imperfect Victims and an Imperfect Protocol: Reflecting on the Trafficking Experiences of Indonesian Migrant Fishermen,2020,8,10.1080/23322705.2020.1691302,https://www.scopus.com/inward/record.uri?eid=2-s2.0-85080993757&doi=10.1080%2f23322705.2020.1691302&partnerID=40&md5=045ae3e05f7a10dd29058940f5fd55c4
Article,"The hydro-logic of genocide: Remaking land, water, and bodies in democratic Kampuchea, 1975–1979",2020,2,10.1111/area.12582,https://www.scopus.com/inward/record.uri?eid=2-s2.0-85070974978&doi=10.1111%2farea.12582&partnerID=40&md5=0ba9f4bf01dbf2a446d0ea21e8d83b2e
Article,How managers use culture and controls to impose a ‘996’ work regime in China that constitutes modern slavery,2020,43,10.1111/acfi.12682,https://www.scopus.com/inward/record.uri?eid=2-s2.0-85088380791&doi=10.1111%2facfi.12682&partnerID=40&md5=560aacdfb4f685f9fd889d3d8be7c2de
Article,"Migrant workers in an era of religious revival: Industrial capitalism, labour and christianity in Shenzhen",2020,9,10.1017/S0305741019000766,https://www.scopus.com/inward/record.uri?eid=2-s2.0-85068371653&doi=10.1017%2fS0305741019000766&partnerID=40&md5=d9df44b48695a8c019c331f2db67a55d
Article,The Urals' economy during the great patriotic war in the newest historiography; [ЭКОНОМИКА УРАЛА В ГОДЫ ВЕЛИКОЙ ОТЕЧЕСТВЕННОЙ ВОЙНЫ В НОВЕЙШЕЙ ИСТОРИОГРАФИИ],2020,0,10.30759/1728-9718-2020-2(67)-116-125,https://www.scopus.com/inward/record.uri?eid=2-s2.0-85090709036&doi=10.30759%2f1728-9718-2020-2%2867%29-116-125&partnerID=40&md5=f690f44f48ed6194e0ab0d7e1e31783c
Article,"Social determinants of rural secondary school students’ choice of agricultural career and its implication for counseling services: A case of Delta State, Nigeria",2020,0,10.18488/journal.1005/2020.10.1/1005.1.515.527,https://www.scopus.com/inward/record.uri?eid=2-s2.0-85090670338&doi=10.18488%2fjournal.1005%2f2020.10.1%2f1005.1.515.527&partnerID=40&md5=a2fdd656d4651976af2af53576ae0f08
Article,Justice and civil liberties on sex work in contemporary international human rights law,2020,7,10.3390/socsci9010004,https://www.scopus.com/inward/record.uri?eid=2-s2.0-85079422993&doi=10.3390%2fsocsci9010004&partnerID=40&md5=5565ab1c38ed04ef26f2bd73468a4dea
Article,"Friar Roko Romac, Spiritual father of Croats in Australia (1955 - 1970); [Fra Roko Romac, dušobrižnik Hrvata u Australiji 1955.-1970]",2020,0,10.31337/oz.75.3.5,https://www.scopus.com/inward/record.uri?eid=2-s2.0-85091476822&doi=10.31337%2foz.75.3.5&partnerID=40&md5=edb3b343af6a83d11c357eb69b5b1dd3
Article,Forms of unfree labour in Brazil: Dealing with racism and racialisation in amazonian agriculture,2020,1,10.12681/historein.18612,https://www.scopus.com/inward/record.uri?eid=2-s2.0-85090211227&doi=10.12681%2fhistorein.18612&partnerID=40&md5=0316cba560302ca06a7c8474e3a92d77
Article,"Health and occupational injury experienced by latinx child farmworkers in North Carolina, USA",2020,27,10.3390/ijerph17010248,https://www.scopus.com/inward/record.uri?eid=2-s2.0-85077626701&doi=10.3390%2fijerph17010248&partnerID=40&md5=8b899ae594d24ab20c33ddb105cbd262
Article,The Soviet peasantry as a resource of mobilization economy: Historical experience and the realities of socialism; [СОВЕТСКОЕ КРЕСТЬЯНСТВО КАК РЕСУРС МОБИЛИЗАЦИОННОЙ ЭКОНОМИКИ: ИСТОРИЧЕСКИЙ ,2020,1,10.30759/1728-9718-2020-1(66)-103-112,https://www.scopus.com/inward/record.uri?eid=2-s2.0-85085385483&doi=10.30759%2f1728-9718-2020-1%2866%29-103-112&partnerID=40&md5=ea4c1169f2bf9fee322cfa37a45337dc
Article,Kalmyk red army soldiers in shirokovsky forced labor camp: A statistical survey,2020,7,10.22162/2619-0990-2020-48-2-330-357,https://www.scopus.com/inward/record.uri?eid=2-s2.0-85096160865&doi=10.22162%2f2619-0990-2020-48-2-330-357&partnerID=40&md5=0a06f7103425c98050a45961cf73fe87
Article,Forced migration of labor resources (on the example of deportation of germans to Khakassia); [Принудительная миграция трудовых ресурсов (на примере депортации немцев в Хакасию)],2020,0,10.34739/his.2020.09.09,https://www.scopus.com/inward/record.uri?eid=2-s2.0-85106347653&doi=10.34739%2fhis.2020.09.09&partnerID=40&md5=3f7a81f02f4670205d48ab7f7b40d83e
Article,Modern slavery statements: From regulation to substantive supply chain reporting,2021,42,,https://www.sciencedirect.com/science/article/pii/S0959652621020904
Article,Modern slavery in business: The sad and sorry state of a non-field,2021,170,,https://journals.sagepub.com/doi/pdf/10.1177/0007650320930417
Article,… Fair Labor Standards Act Violates the International Labour Organization's ILO Convention No. 182 in Failing to Provide Protections for Children Working in Agriculture,2021,1,,https://digitalcommons.wcl.american.edu/cgi/viewcontent.cgi?article=1052&context=stu_upperlevel_papers
Article,"Socio-economic factors behind the prevalence of child labor in agriculture sector of district Lasbela, Balochistan, Pakistan",2021,2,,http://www.pjia.com.pk/index.php/pjia/article/download/215/160
Article,Investigation of Seasonal Female and Child Labor Use in Cotton Agriculture: The Case of Mardin Province,2021,0,,https://dergipark.org.tr/en/download/article-file/2442943
Article,Understanding the manufacturing plant of Foxconn: Global visions and local practices in the labor regime of China,2021,3,,https://www.researchgate.net/profile/Bin-Jiang-14/publication/349430171_Understanding_the_Manufacturing_Plant_of_Foxconn_Global_Visions_and_Local_Practices_in_the_Labor_Regime_of_China/links/603638a292851c4ed591849b/Understanding-the-Manufacturing-Plant-o
Article,The network contract: an instrument to contrast labour exploitation in agriculture. The Italian case,2021,3,,https://iris.unito.it/bitstream/2318/1827601/1/13566-Article%20Text-52952-1-10-20211221.pdf
Article,What are the Risks to Minors who Work in the Construction Industry?,2021,2,,https://www.ncbi.nlm.nih.gov/pmc/articles/PMC10141679/
Article,"Pandemic, lockdown and modern slavery among Sri Lanka's global assembly line workers",2021,20,,https://vc.bridgew.edu/cgi/viewcontent.cgi?article=2359&context=jiws
Article,International Construction Law: The Development of the Business and Human Rights Treaty and its Implications on Migrant Workers,2021,0,,https://georgia-international-journal.scholasticahq.com/article/35565.pdf
Article,Social Issues in Supply Chain Sustainability–Focus Areas for Energy and Manufacturing sectors in India and USA,2021,5,,http://ecsdev.org/ojs/index.php/ejsd/article/download/1186/1169
Article,A Study of Discourse Strategies of Counter-Ideology Construction by Global Times Editorials in Response to the US-Western Actions on Human Rights …,2021,0,,
Article,"David Moon, The American Steppes: The Unexpected Russian Roots of Great Plains Agriculture, 1870s-1930s",2021,0,,https://pubs.lib.uiowa.edu/annals-of-iowa/article/id/31483/download/pdf/
Article,Consuming worker exploitation? Accounts and justifications for consumer (in) action to modern slavery,2021,25,,https://eprints.gla.ac.uk/220205/2/220205.pdf
Article,"'Feeding the Horses': Modern Slavery, the Dark Side of Construction Hidden in Plain Sight in Ambridge",2021,0,,
Article,The Plantationocene: A lusotropical contribution to the theory,2021,214,,https://www.tandfonline.com/doi/pdf/10.1080/24694452.2020.1850231
Article,The impact of anti‐sweatshop activism on employment,2021,10,,https://onlinelibrary.wiley.com/doi/pdf/10.1111/rode.12750
Article,The legitimization of the use of sweat shops by H&M in the Swedish press,2021,7,,
Article,India’s Labour Agreements with the Gulf Cooperation Council Countries: An Assessment,2021,2,10.1177/00208817211055344,https://www.scopus.com/inward/record.uri?eid=2-s2.0-85138725559&doi=10.1177%2f00208817211055344&partnerID=40&md5=461b15a1caaa10011e4e02cec137e5ad
Article,Los Angeles Apparel: Locally Made in a Global Market,2021,0,10.1177/2515127420982511,https://www.scopus.com/inward/record.uri?eid=2-s2.0-85134353868&doi=10.1177%2f2515127420982511&partnerID=40&md5=5ac3a2194b290a7d0c59e9c7c9739516
Article,MONUMENT TO EMPEROR ALEXANDER II IN ZLATOUST: A CASE OF PROVINCIAL COMMEMORATION IN PRE-REVOLUTIONARY RUSSIA,2021,0,10.17072/2219-3111-2021-4-28-38,https://www.scopus.com/inward/record.uri?eid=2-s2.0-85124466965&doi=10.17072%2f2219-3111-2021-4-28-38&partnerID=40&md5=2fc347904959573899dccb1ba894eebf
Article,Bordering the surplus population across the Mediterranean: Imperialism and unfree labour in Libya and the Italian countryside,2021,16,10.1016/j.geoforum.2020.06.019,https://www.scopus.com/inward/record.uri?eid=2-s2.0-85087906807&doi=10.1016%2fj.geoforum.2020.06.019&partnerID=40&md5=29c606cb471c3cb0ca8bfd691ab34c8f
Article,Commentary: Agricultural racial capitalism and rural migrant workers,2021,19,10.1016/j.jrurstud.2021.07.006,https://www.scopus.com/inward/record.uri?eid=2-s2.0-85110478335&doi=10.1016%2fj.jrurstud.2021.07.006&partnerID=40&md5=63aa4a458eac3d1929e4f89ba2ba3ab9
Article,"‘If you don't migrate, you're a nobody’: Migration recruitment networks and experiences of Nepalese farm workers in Portugal",2021,16,10.1016/j.jrurstud.2021.04.019,https://www.scopus.com/inward/record.uri?eid=2-s2.0-85106234505&doi=10.1016%2fj.jrurstud.2021.04.019&partnerID=40&md5=53bb80c3d31ac90bff956aff5c36d5ce
Article,Socially Sustainable Supply Chain Management and Suppliers’ Social Performance: The Role of Social Capital,2021,75,10.1007/s10551-020-04525-1,https://www.scopus.com/inward/record.uri?eid=2-s2.0-85085102513&doi=10.1007%2fs10551-020-04525-1&partnerID=40&md5=35fb70cb004b469f0eda676eb644efc8
Article,Modern slavery footprints in global supply chains,2021,16,10.1111/jiec.13169,https://www.scopus.com/inward/record.uri?eid=2-s2.0-85110587365&doi=10.1111%2fjiec.13169&partnerID=40&md5=8a6b3d3334f5382ec6bf3d05f23fa942
Article,Self-reported physical demands associated with crops and job tasks among Latinx hired child farmworkers,2021,2,10.1097/JOM.0000000000002322,https://www.scopus.com/inward/record.uri?eid=2-s2.0-85120973663&doi=10.1097%2fJOM.0000000000002322&partnerID=40&md5=60243aca732d8288f923d7065450569f
Article,Child labor in family tobacco farms in southern brazil: Occupational exposure and related health problems,2021,3,10.3390/ijerph182212255,https://www.scopus.com/inward/record.uri?eid=2-s2.0-85119408839&doi=10.3390%2fijerph182212255&partnerID=40&md5=83e227c0a77459b658d01b282a431c9c
Article,Ostarbeiters of the Belarusian-Russian border: living and working conditions in Germany and the Baltic States,2021,0,10.31166/VoprosyIstorii202111Statyi02,https://www.scopus.com/inward/record.uri?eid=2-s2.0-85126290551&doi=10.31166%2fVoprosyIstorii202111Statyi02&partnerID=40&md5=d858d54966d89f10329110f9c1955808
Article,The Effects of Immigration on Labour Tax Avoidance: An Empirical Spatial Analysis,2021,3,10.1007/s10551-019-04393-4,https://www.scopus.com/inward/record.uri?eid=2-s2.0-85077087686&doi=10.1007%2fs10551-019-04393-4&partnerID=40&md5=f484f3e4ad0163a7cb6ecee921166250
Article,Defense production activities of the GULAG NKVD USSR in 1941-1945. In the materials of the state defense committee,2021,0,10.31166/VoprosyIstorii202105Statyi56,https://www.scopus.com/inward/record.uri?eid=2-s2.0-85109037820&doi=10.31166%2fVoprosyIstorii202105Statyi56&partnerID=40&md5=1eea3f3d680ce09e8a34e4a052ea5f71
Article,A Four-year Analysis of Labor Trafficking Cases in the United States: Exploring Characteristics and Labor Trafficking Patterns,2021,20,10.1080/23322705.2019.1638148,https://www.scopus.com/inward/record.uri?eid=2-s2.0-85070519582&doi=10.1080%2f23322705.2019.1638148&partnerID=40&md5=52ac335937caed6d22d29342fec88658
Article,Children’s migration to brick kilns in Nepal: a review of educational interventions and stakeholder responses to child labour,2021,3,10.1080/17450128.2020.1867334,https://www.scopus.com/inward/record.uri?eid=2-s2.0-85098550792&doi=10.1080%2f17450128.2020.1867334&partnerID=40&md5=d65d72a1e3f1eefc762191dc85561049
Article,"Revisiting the ""cosel period"": A fresh perspective on the stopping of western deportation trains en route to auschwitz, 1942–1943",2021,0,10.1353/SHO.2021.0023,https://www.scopus.com/inward/record.uri?eid=2-s2.0-85116073197&doi=10.1353%2fSHO.2021.0023&partnerID=40&md5=afbaa112afc215dd00e4942b30b4f776
Article,Postcolonial frameworks with survivors’ voices: Teaching about contemporary and historical forms of slavery and forced labour,2021,0,10.14197/atr.201221175,https://www.scopus.com/inward/record.uri?eid=2-s2.0-85115711430&doi=10.14197%2fatr.201221175&partnerID=40&md5=343ab3ca16b20642108980f23f471bfc
Article,"‘After me, all this is over’: Exploring class-entangled geographical agency in a shifting climate among tobacco farmers in South India",2021,4,10.1111/area.12693,https://www.scopus.com/inward/record.uri?eid=2-s2.0-85099952623&doi=10.1111%2farea.12693&partnerID=40&md5=b794857fe2eaf408ca0ca024da3a15a7
Article,Compliance with the global reporting initiative standards in Jordan: case study of hikma pharmaceuticals,2021,3,10.1080/19397038.2021.1970273,https://www.scopus.com/inward/record.uri?eid=2-s2.0-85113942701&doi=10.1080%2f19397038.2021.1970273&partnerID=40&md5=02de9b6294e209194b410bd1b353687e
Article,Musculoskeletal injury symptoms among hired Latinx child farmworkers in North Carolina,2021,7,10.1002/ajim.23255,https://www.scopus.com/inward/record.uri?eid=2-s2.0-85105956339&doi=10.1002%2fajim.23255&partnerID=40&md5=3b26d10b33c9407fdd53546fe36fc6a1
Article,Role of Child Labor in Agriculture Sector of District Mardan (Pakistan): A Multinomial Logistic Regression Analysis,2021,2,10.17582/JOURNAL.SJA/2021/37.2.428.435,https://www.scopus.com/inward/record.uri?eid=2-s2.0-85105799490&doi=10.17582%2fJOURNAL.SJA%2f2021%2f37.2.428.435&partnerID=40&md5=b078b1b4f8ab59cf9a489c2a582da65b
Article,Why do they JUST DO IT? A Theory of Outsourcing and Working Conditions,2021,0,10.1007/s11079-020-09609-z,https://www.scopus.com/inward/record.uri?eid=2-s2.0-85099235144&doi=10.1007%2fs11079-020-09609-z&partnerID=40&md5=fb3d8f47059961bd97eb3d897afc89ae
Article,"Labor Mobilization of Population from Central Asia during World War II: Conscription, Dislocation, and Conditions of Life and Work (on examples from the Kazakh SSR)",2021,0,10.1080/13518046.2022.2040845,https://www.scopus.com/inward/record.uri?eid=2-s2.0-85128961805&doi=10.1080%2f13518046.2022.2040845&partnerID=40&md5=6006d5a342fcb5d1783db882e83209d1
Article,"A green new deal for agriculture: for, within, or against capitalism?",2021,21,10.1080/03066150.2020.1854740,https://www.scopus.com/inward/record.uri?eid=2-s2.0-85100074808&doi=10.1080%2f03066150.2020.1854740&partnerID=40&md5=bc6d0f9deb9b471da7d50887e2b0c313
Article,Child Labour and Trade-Related Price Policies in a Developing Economy: A Trade-Theoretical Analysis,2021,0,10.1007/s41027-021-00337-7,https://www.scopus.com/inward/record.uri?eid=2-s2.0-85114769878&doi=10.1007%2fs41027-021-00337-7&partnerID=40&md5=a034ea6303e3ad003bf81e4a8c38c935
Article,Debt bondage in human trafficking: US agriculture and Thailand fisheries primed for labour exploitation; [Niewola za długi: rolnictwo Stanów Zjednoczonych i rybołówstwo Tajlandii gotowe na pracę przymusową],2021,3,10.7420/AK2021.11,https://www.scopus.com/inward/record.uri?eid=2-s2.0-85172471133&doi=10.7420%2fAK2021.11&partnerID=40&md5=7a1bd86b5bc0c57765092070222c4cfe
Article,Risk of forced labour embedded in the US fruit and vegetable supply,2021,20,10.1038/s43016-021-00339-0,https://www.scopus.com/inward/record.uri?eid=2-s2.0-85113376087&doi=10.1038%2fs43016-021-00339-0&partnerID=40&md5=2880713818505611dcdc4228f558756d
Article,The UK construction and facilities management sector's response to the Modern Slavery Act: An intra-industry initiative against modern slavery,2021,21,10.1002/bsd2.158,https://www.scopus.com/inward/record.uri?eid=2-s2.0-85096996223&doi=10.1002%2fbsd2.158&partnerID=40&md5=7943ccf49b474fb8a653b245e8a2f8c9
Article,Human trafficking and violence: Findings from the largest global dataset of trafficking survivors,2021,13,10.1016/j.jmh.2021.100073,https://www.scopus.com/inward/record.uri?eid=2-s2.0-85125144756&doi=10.1016%2fj.jmh.2021.100073&partnerID=40&md5=dcf905fc8861535fa58371cde8021b92
Article,SOCIAL PECULIARITIES OF THE FAMILY PLANNING PROBLEM IN TROPICAL AFRICA,2021,0,10.31857/S086919080016080-5,https://www.scopus.com/inward/record.uri?eid=2-s2.0-85124725786&doi=10.31857%2fS086919080016080-5&partnerID=40&md5=b05d675046a16dcea922304e6c28546c
Article,"Assessment of ergonomic exposure, work-related occupational injuries, and prevention: Child work in the brickfield industry in India.",2021,4,10.1177/07482337211025366,https://www.scopus.com/inward/record.uri?eid=2-s2.0-85108380332&doi=10.1177%2f07482337211025366&partnerID=40&md5=a5d77f8324e20bda39669e2df1ee55b3
Article,"Anti-communism, labour exploitation, and racism at the thermoelectric plant of the world’s largest copper mine (Tocopilla, Chile, 1948-1958)",2021,3,10.1080/0023656X.2021.1925639,https://www.scopus.com/inward/record.uri?eid=2-s2.0-85106245268&doi=10.1080%2f0023656X.2021.1925639&partnerID=40&md5=f3ef718cd872965109939a1ca23e6e1c
Article,Work-related injuries among Syrian refugee child workers in the Bekaa Valley of Lebanon: A gender-sensitive analysis,2021,9,10.1371/journal.pone.0257330,https://www.scopus.com/inward/record.uri?eid=2-s2.0-85115438809&doi=10.1371%2fjournal.pone.0257330&partnerID=40&md5=d20d698a94e5a4ff0b135d082d858f57
Article,Foreign minors and forced labour in contemporary Italy; [Małoletni cudzoziemcy i praca przymusowa we współczesnych Włoszech],2021,0,10.7420/AK2021.12,https://www.scopus.com/inward/record.uri?eid=2-s2.0-85177083904&doi=10.7420%2fAK2021.12&partnerID=40&md5=70f83b849666273838911f8e56850e96
Article,"Farm-Related Injuries and Fatalities Involving Children, Youth, and Young Workers during Manure Storage, Handling, and Transport",2021,11,10.1080/1059924X.2020.1795034,https://www.scopus.com/inward/record.uri?eid=2-s2.0-85088563433&doi=10.1080%2f1059924X.2020.1795034&partnerID=40&md5=2296872eb91f6eee803210caaa7b7412
Article,Technology for Social Good Foundations: A Perspective from the Smallholder Farmer in Sustainable Supply Chains,2021,64,10.1109/TEM.2020.2996003,https://www.scopus.com/inward/record.uri?eid=2-s2.0-85092555793&doi=10.1109%2fTEM.2020.2996003&partnerID=40&md5=40563a85931048344a7e5745ac7a8290
Article,Breaking the child labour cycle through education: issues and impacts of the COVID-19 pandemic on children of in-country seasonal migrant workers in the brick kilns of Nepal,2021,5,10.1080/14733285.2021.1891406,https://www.scopus.com/inward/record.uri?eid=2-s2.0-85101816838&doi=10.1080%2f14733285.2021.1891406&partnerID=40&md5=88a50190d7450c26856ac87aa38f62ef
Article,Structural Vulnerability and Occupational Injury Among Latinx Child Farmworkers in North Carolina,2021,11,10.1177/10482911211017556,https://www.scopus.com/inward/record.uri?eid=2-s2.0-85105964969&doi=10.1177%2f10482911211017556&partnerID=40&md5=904f67d06201319e31f1b912b5a821ed
Article,The Gender and Racial Construction of the Working Class: Temporary Mobility of Mexican Women Workers to the US and Canada,2021,7,10.1007/s12147-020-09258-z,https://www.scopus.com/inward/record.uri?eid=2-s2.0-85085294279&doi=10.1007%2fs12147-020-09258-z&partnerID=40&md5=05306a5debb34bcb67092f47fd509c2f
Article,"Between Violence, Racism and Reform: São Tomé e Príncipe in the Great Depression Years, 1930–7",2021,2,10.1177/0022009420961456,https://www.scopus.com/inward/record.uri?eid=2-s2.0-85097564173&doi=10.1177%2f0022009420961456&partnerID=40&md5=0c8ab9f68e9e292d9a9582026d25e755
Article,A multidimensional perspective on child labor in the value chain: The case of the cocoa value chain in West Africa,2021,21,10.1016/j.worlddev.2021.105601,https://www.scopus.com/inward/record.uri?eid=2-s2.0-85112123522&doi=10.1016%2fj.worlddev.2021.105601&partnerID=40&md5=4a0a88e5242faeb7a470339dddd106e6
Article,The visual strategies of struggle: domestic workers in hybrid filmic forms of confronting reality in Spain (2000-2020); [Las estrategias visuales de la lucha: trabajadoras de la limpieza y del hogar en las formas fílmicas híbridas de enfrentar lo real e,2021,0,10.7764/cdi.50.27729,https://www.scopus.com/inward/record.uri?eid=2-s2.0-85128158743&doi=10.7764%2fcdi.50.27729&partnerID=40&md5=d3768b3522f933cf1f3c1ad756c64669
Article,Pesticide exposure among Latinx child farmworkers in North Carolina,2021,8,10.1002/ajim.23258,https://www.scopus.com/inward/record.uri?eid=2-s2.0-85106420668&doi=10.1002%2fajim.23258&partnerID=40&md5=362b39c2583c36f58a2b02ce4aae3a38
Article,"Taxation, Forced Labor, and Theft: Why Taxation is “On a Par” with Forced Labor",2021,1,10.1111/sjp.12395,https://www.scopus.com/inward/record.uri?eid=2-s2.0-85096832832&doi=10.1111%2fsjp.12395&partnerID=40&md5=4d8996052c1573fdc79672ae1c9ed09f
Article,New perspectives on the agriculture–migration nexus,2021,38,10.1016/j.jrurstud.2021.05.004,https://www.scopus.com/inward/record.uri?eid=2-s2.0-85106270729&doi=10.1016%2fj.jrurstud.2021.05.004&partnerID=40&md5=26293e6e58825f7fbfaf99bb4f7b7af4
Article,"Structure and dynamics of free and unfree labor in road infrastructure in the Brazil Empire: liberated africans, slaves and free (1854-1856); [ESTRUTURA E DINÂMICA DO TRABALHO COMPULSÓRIO E LIVRE NA INFRAESTRUTURA VIÁRIA DO IMPÉRIO DO BRASIL: africano",2021,0,10.1590/1980-4369E2021060,https://www.scopus.com/inward/record.uri?eid=2-s2.0-85123109038&doi=10.1590%2f1980-4369E2021060&partnerID=40&md5=c10386ebcb7b49981e9100cbf1fb59be
Article,Modern slavery and the employment relationship: Exploring the continuum of exploitation,2022,32,,https://www.researchgate.net/profile/Martijn-Boersma/publication/358080674_Modern_slavery_and_the_employment_relationship_Exploring_the_continuum_of_exploitation/links/63eab5b04dcb750da7571969/Modern-slavery-and-the-employment-relationship-Exploring-the-c
Article,Addressing forced labor in supply chains in California,2022,8,,https://www.sciencedirect.com/science/article/pii/S2590198222001956
Article,Reconceptualising responses to the UK's 2015 Modern Slavery Act: a construction industry case study,2022,0,,https://research-information.bris.ac.uk/ws/portalfiles/portal/348089232/Christopher_Pesterfield_PhD_thesis_2022.pdf
Article,Impact of Economic Globalization on Agriculture in Asian Developing Countries,2022,0,,https://www.researchgate.net/profile/Budi-Setiawan-19/publication/369553391_The_Relationship_Between_Business_and_Politics_A_Study_of_Rent-Seeking_in_Indonesia/links/6421e47aa1b72772e42f703a/The-Relationship-Between-Business-and-Politics-A-Study-of-Rent-S
Article,Sustainable procurement and modern slavery risks in development and construction: a case study in Australia,2022,0,,
Article,Ethical recruitment and employment in the construction industry in India: Perspectives and experiences of workers and micro-contractors,2022,1,,https://knowledgecommons.popcouncil.org/cgi/viewcontent.cgi?article=2795&context=departments_sbsr-pgy
Article,Developing a framework for assessing the readiness of entities in the construction industry in addressing modern slavery,2022,9,10.1016/j.spc.2022.02.003,https://www.scopus.com/inward/record.uri?eid=2-s2.0-85125115155&doi=10.1016%2fj.spc.2022.02.003&partnerID=40&md5=6b3ffd58802fb482ec62e76cbc7a3792
Article,How sustainable are the biodegradable medical gowns via environmental and social life cycle assessment?,2022,7,10.1016/j.jclepro.2022.135153,https://www.scopus.com/inward/record.uri?eid=2-s2.0-85142171662&doi=10.1016%2fj.jclepro.2022.135153&partnerID=40&md5=25422105352f685b8728b7c442c1b5f0
Article,Posting of workers in the European Union: an exploitative labour system,2022,1,10.1017/elo.2022.38,https://www.scopus.com/inward/record.uri?eid=2-s2.0-85160221032&doi=10.1017%2felo.2022.38&partnerID=40&md5=1dc63273f1dda1a83324b06216d20433
Article,Korean “collective farms” in Manchukuo (1932-1945),2022,0,10.22394/2500-1809-2022-7-4-33-46,https://www.scopus.com/inward/record.uri?eid=2-s2.0-85148521858&doi=10.22394%2f2500-1809-2022-7-4-33-46&partnerID=40&md5=317f0bde0f9acbb759447ae69054b195
Article,"""EVERYTHING CHANGES, EVERYTHING STAYS THE SAME"". THE GOVERNANCE OF MIGRANT LABOR IN SPANISH AND ITALIAN AGRICULTURE IN THE FIRST YEAR OF THE COVID-19 PANDEMIC; [""Todo cambia, todo sigue igual"". La gobernanza de la mano de obra migrante en la agricultura e",2022,4,10.3989/estgeogr.2022120.120,https://www.scopus.com/inward/record.uri?eid=2-s2.0-85132174542&doi=10.3989%2festgeogr.2022120.120&partnerID=40&md5=32d1bf02ca876bcb04d0aed3d180df60
Article,Contested futures: The ‘humanitarian value’ of childhood in rural Sierra Leone,2022,2,10.1177/0011392120985867,https://www.scopus.com/inward/record.uri?eid=2-s2.0-85101246826&doi=10.1177%2f0011392120985867&partnerID=40&md5=155b23892b67a822f4868fb033fd47b3
Article,"Acceptance, obedience and resistance: Children's perceptions of street trading in Nigeria",2022,2,10.1111/chso.12482,https://www.scopus.com/inward/record.uri?eid=2-s2.0-85109355936&doi=10.1111%2fchso.12482&partnerID=40&md5=81aea9438a92c95fafdb0bcf9aaa5b1d
Article,Bad for business: the construction of modern slavery and the reconfiguration of sovereignty,2022,2,10.1093/lril/lrac001,https://www.scopus.com/inward/record.uri?eid=2-s2.0-85132767592&doi=10.1093%2flril%2flrac001&partnerID=40&md5=28196c30a4733c4d8aee74678fcc6043
Article,The outlook for modern slavery in the apparel sector in a post-lockdown economy,2022,24,10.1108/SCM-06-2020-0245,https://www.scopus.com/inward/record.uri?eid=2-s2.0-85107799759&doi=10.1108%2fSCM-06-2020-0245&partnerID=40&md5=9512dc2e61e441379725acdab1de4612
Article,India’s hand-knotted carpet industry in reforms era: export performances and challenges,2022,1,10.1504/IJBG.2022.124521,https://www.scopus.com/inward/record.uri?eid=2-s2.0-85135752702&doi=10.1504%2fIJBG.2022.124521&partnerID=40&md5=26f7cd8776f07c1ea23bd87689e8c3ab
Article,Forced Labor of the Population under the Nazi Occupation of 1941-1944 (Based on the Materials of the Border Territory of Belarus and the North-West of Russia); [Принудительный труд населения в условиях нацистск,2022,0,10.21638/11701/SPBU24.2021.405,https://www.scopus.com/inward/record.uri?eid=2-s2.0-85134475535&doi=10.21638%2f11701%2fSPBU24.2021.405&partnerID=40&md5=5d4a129f023154a0c4962210bdfe77e3
Article,How Living Wages Influence Apparel Costs and Comparative Advantages among Different Multi-tier Supply Chains,2022,6,10.3993/jfbim00377,https://www.scopus.com/inward/record.uri?eid=2-s2.0-85141426047&doi=10.3993%2fjfbim00377&partnerID=40&md5=5f4be76fe3f4f09085ad0dd774d043c1
Article,"Results of Archaeological Rescue Excavations at the Site of the Former German Forced Labour Camp KL Jawischowitz, Oświęcim District; [Wyniki ratowniczych badań archeologicznych na terenie byłego niemieckiego obozu pracy przymusowej KL Jawischowitz, po",2022,1,10.18778/0208-6034.37.03,https://www.scopus.com/inward/record.uri?eid=2-s2.0-85163766342&doi=10.18778%2f0208-6034.37.03&partnerID=40&md5=cae6bdce5cfe1dec26bc23fdd249a495
Article,"Modernization in Progress: Part-Year Operation, Mechanization, and Labor Force Composition in Late Imperial Russia",2022,4,10.1017/S0022050722000341,https://www.scopus.com/inward/record.uri?eid=2-s2.0-85143990106&doi=10.1017%2fS0022050722000341&partnerID=40&md5=f0da412e161d9697549e8ee3e96c2601
Article,"Coffee, child labour, and education: Examining a triple social–ecological trade-off in an Afromontane forest landscape",2022,6,10.1016/j.ijedudev.2022.102681,https://www.scopus.com/inward/record.uri?eid=2-s2.0-85140716091&doi=10.1016%2fj.ijedudev.2022.102681&partnerID=40&md5=3bc62efdaf472d4aa8a21bde91b4b58c
Article,Ecological transition and social sustainability for Agriculture 4.0; [Transizione ecologica e sostenibilità sociale per un’Agricoltura 4.0],2022,1,10.1441/103990,https://www.scopus.com/inward/record.uri?eid=2-s2.0-85167900880&doi=10.1441%2f103990&partnerID=40&md5=e7361adc963a11969d2761e8726b6631
Article,Increased Risks of Labor Exploitation in the UK following Brexit and the Covid-19 Pandemic: Perspectives of the Agri-food and Construction Sectors,2022,5,10.1080/23322705.2022.2079063,https://www.scopus.com/inward/record.uri?eid=2-s2.0-85130986333&doi=10.1080%2f23322705.2022.2079063&partnerID=40&md5=b9ca099a6228bae6ff1a83a60559a778
Article,Examining persistent effects of extractive institutions in the United States,2022,0,10.1111/ecpo.12190,https://www.scopus.com/inward/record.uri?eid=2-s2.0-85106215665&doi=10.1111%2fecpo.12190&partnerID=40&md5=be368e76071cb3600d3aa094ddbe171f
Article,"“Bananas are for Women, Coffee is for Men”: Gendered Narratives of Agricultural Histories on Mount Meru, Tanzania",2022,2,10.1017/asr.2021.120,https://www.scopus.com/inward/record.uri?eid=2-s2.0-85124725893&doi=10.1017%2fasr.2021.120&partnerID=40&md5=15a28d64b452d242d02dafbcba9ebfcf
Article,Coloniality and the Criminal Justice System: Empire and its Legacies in Guyana,2022,4,10.1080/0144039X.2022.2114637,https://www.scopus.com/inward/record.uri?eid=2-s2.0-85142243378&doi=10.1080%2f0144039X.2022.2114637&partnerID=40&md5=750824285b6803938154df9d4c5173b7
Article,Domestic/Care Work and Severe Exploitation. The Limits of Italian Migrant Regularization Schemes,2022,2,10.3389/fhumd.2022.818351,https://www.scopus.com/inward/record.uri?eid=2-s2.0-85177836279&doi=10.3389%2ffhumd.2022.818351&partnerID=40&md5=da32f52fa674d57ccc85a6c7661b120b
Article,Economic form and the mutual constitution of social inequalities; [Ekonomisk form och den omsesidiga konstitueringen av ojamlika sociala relationer],2022,0,10.37062/SF.59.23509,https://www.scopus.com/inward/record.uri?eid=2-s2.0-85134661507&doi=10.37062%2fSF.59.23509&partnerID=40&md5=80624df63234ecd16977bca7fdf1c4c3
Article,Broken chocolate: biomarkers as a method for delivering cocoa supply chain visibility,2022,23,10.1108/SCM-11-2020-0583,https://www.scopus.com/inward/record.uri?eid=2-s2.0-85109369025&doi=10.1108%2fSCM-11-2020-0583&partnerID=40&md5=8441ab8e32c38818124bdf343ec05ccf
Article,"Being a Forestry Labourer in the Late Ottoman Empire: Debt Bondage, Migration, and Sedentarization",2022,2,10.1017/S0020859022000281,https://www.scopus.com/inward/record.uri?eid=2-s2.0-85128456667&doi=10.1017%2fS0020859022000281&partnerID=40&md5=05e70d3fd93cfe1b5dca294e4c726dcd
Article,child youtubers and specific goods of childhood: when exploration and play become work; [youtubers infantis e bens específicos da infância: quando a exploração e a brincadeira tornam-se trabalho]; [youtubers infantiles y bienes específicos de la infa,2022,0,10.12957/childphilo.2022.64682,https://www.scopus.com/inward/record.uri?eid=2-s2.0-85148054519&doi=10.12957%2fchildphilo.2022.64682&partnerID=40&md5=7a5ab21156c1796eba803ffdec72c8df
Article,"Aging, male dominance, and decline of agricultural workers in the Central-West Brazilian labor market",2022,0,10.1002/wfp2.12036,https://www.scopus.com/inward/record.uri?eid=2-s2.0-85197439658&doi=10.1002%2fwfp2.12036&partnerID=40&md5=e8c0b3803052f470a93b9c156c536e2e
Article,State and Trends of Occupational Health and Safety in the Philippines,2022,4,10.47895/amp.v56i1.3865,https://www.scopus.com/inward/record.uri?eid=2-s2.0-85124650561&doi=10.47895%2famp.v56i1.3865&partnerID=40&md5=ac39de65fe3e1a37d020a3766f66d22e
Article,"Corporate Responses to Tackling Modern Slavery: A Comparative Analysis of Australia, France and the United Kingdom",2022,18,10.1017/bhj.2021.47,https://www.scopus.com/inward/record.uri?eid=2-s2.0-85119665059&doi=10.1017%2fbhj.2021.47&partnerID=40&md5=7dd6801c8574e1e796a5c0cf12cf380c
Article,Forced labor camps in the territory of Moscow Governorate in 1919–1922: work and everyday life,2022,0,10.23859/2587-8344-2022-6-4-1,https://www.scopus.com/inward/record.uri?eid=2-s2.0-85152445596&doi=10.23859%2f2587-8344-2022-6-4-1&partnerID=40&md5=667051f97f716e53a70f493b429bdb62
Article,COMING OUT OF THE SHADOWS? HOUSING CONDITIONS OF IRREGULAR MIGRANT WORKERS IN SPANISH AGRICULTURAL ENCLAVES,2022,2,10.46841/RCV.2022.02.02,https://www.scopus.com/inward/record.uri?eid=2-s2.0-85132173406&doi=10.46841%2fRCV.2022.02.02&partnerID=40&md5=1ff7d02642ae0cc840703a39b9f56c2c
Article,Sustainable social supply chain practices and firm social performance: Framework and empirical evidence,2022,43,10.1016/j.spc.2022.04.020,https://www.scopus.com/inward/record.uri?eid=2-s2.0-85129248800&doi=10.1016%2fj.spc.2022.04.020&partnerID=40&md5=6874be130c40989f7a773add59361e44
Article,Worker’s rights and sustainable development; [DIRITTI DEI LAVORATORI E SVILUPPO SOSTENIBILE],2022,0,10.26350/004084_000145,https://www.scopus.com/inward/record.uri?eid=2-s2.0-85158081939&doi=10.26350%2f004084_000145&partnerID=40&md5=55e2b3f350bd11d91bbc4fbe82c56b47
Article,"Social portrait of persons mobilized for labor in the forced labor camps of the Urals, 1941–1946; [Социальный портрет трудмобилизованных в лагеря принудительного труда Урала, 1941–1946",2022,0,10.23859/2587-8344-2022-6-4-4,https://www.scopus.com/inward/record.uri?eid=2-s2.0-85172468228&doi=10.23859%2f2587-8344-2022-6-4-4&partnerID=40&md5=b1f7a1e95b4105d0366a090e5a8f3f2f
Article,"Agriculture exports, child labor and youth education: Evidence from 68 developing countries",2022,5,10.1111/roie.12572,https://www.scopus.com/inward/record.uri?eid=2-s2.0-85112649178&doi=10.1111%2froie.12572&partnerID=40&md5=24d3d99c10a17e9aa4ebb38afd49c6df
Article,A Black Construction of Colonialism: The Black Marxist Response to Fascism in the 1930s,2022,0,10.1080/10999949.2023.2223385,https://www.scopus.com/inward/record.uri?eid=2-s2.0-85167575060&doi=10.1080%2f10999949.2023.2223385&partnerID=40&md5=25a2ca4dca37ab18209f8b3a66dc85c9
Article,Quantifying the life-cycle health impacts of a cobalt-containing lithium-ion battery,2022,17,10.1007/s11367-022-02084-3,https://www.scopus.com/inward/record.uri?eid=2-s2.0-85135810043&doi=10.1007%2fs11367-022-02084-3&partnerID=40&md5=baa1f39627bd3c566e3e3cca37374e80
Article,Culture and Contracts: The Historical Legacy of Forced Labour,2022,5,10.1093/ej/ueab031,https://www.scopus.com/inward/record.uri?eid=2-s2.0-85143131420&doi=10.1093%2fej%2fueab031&partnerID=40&md5=c51a132b4325eaca0e5223e8b34206aa
Article,"Wildflowers and Water: Desire, Joy, and Creativity in Environmental Justice Organizing",2022,3,10.1089/env.2021.0058,https://www.scopus.com/inward/record.uri?eid=2-s2.0-85129216384&doi=10.1089%2fenv.2021.0058&partnerID=40&md5=168ad0c012ffc5c8fb8937fc8cc2bfcf
Article,"Twitter and human trafficking: Purposes, actors and topics in the Spanish-speaking scene; [La trata de personas en Twitter: Finalidades, actores y temas en la escena hispanohablante]",2022,2,10.3916/C71-2022-06,https://www.scopus.com/inward/record.uri?eid=2-s2.0-85126340522&doi=10.3916%2fC71-2022-06&partnerID=40&md5=dac98f3738af3891082ccd47f7b02fa7
Article,The expansion of capitalist agricultural production and social reproduction of rural labour: contradictions within the logic of capital accumulation in Mozambique; [  A expansão da produção agrícola capitalista e a reprodução social da força de tra,2022,3,10.1080/03056244.2022.2036485,https://www.scopus.com/inward/record.uri?eid=2-s2.0-85126890329&doi=10.1080%2f03056244.2022.2036485&partnerID=40&md5=025139df34e1b81d5281d77dc1e5c6d6
Article,Breaking out of the policy enclave approach to child labour in sub-Saharan African agriculture,2022,5,10.1177/1468018121991813,https://www.scopus.com/inward/record.uri?eid=2-s2.0-85100901942&doi=10.1177%2f1468018121991813&partnerID=40&md5=2713dcf919abc4e22cab18b86cb68701
Article,Mistreatment at work and musculoskeletal pain in male and female working Syrian refugee children,2022,2,10.1080/00140139.2022.2051610,https://www.scopus.com/inward/record.uri?eid=2-s2.0-85128062903&doi=10.1080%2f00140139.2022.2051610&partnerID=40&md5=6ab489caa8d2ce8ffef6febcc2acae31
Article,The Rediscovery of a Labour Camp on the Construction Site of the Stalin Monument in Prague; [Znovuobjevení pracovního tábora na staveništi pražského Stalinova pomníku],2022,1,10.18778/0208-6034.37.01,https://www.scopus.com/inward/record.uri?eid=2-s2.0-85163763270&doi=10.18778%2f0208-6034.37.01&partnerID=40&md5=456754426774ab17077dc871a1d1d50f
Article,"Colonial Exceptions: The International Labour Organization and Child Labour in British Africa, c.1919–40",2022,4,10.1177/0022009420988063,https://www.scopus.com/inward/record.uri?eid=2-s2.0-85105521644&doi=10.1177%2f0022009420988063&partnerID=40&md5=fd3556a8c61759eb23e539ea71fd17d2
Article,"Understanding female adolescent ‘runaways’ and the implications of their decisions in Tigray, northern Ethiopia",2022,6,10.1016/j.chiabu.2019.104125,https://www.scopus.com/inward/record.uri?eid=2-s2.0-85070390929&doi=10.1016%2fj.chiabu.2019.104125&partnerID=40&md5=4df150da1b2bf2e0aa46b18935701474
Article,Modern slavery statements and the UK's largest housebuilding companies: an exploratory research paper,2022,7,10.1108/PM-06-2021-0043,https://www.scopus.com/inward/record.uri?eid=2-s2.0-85124610939&doi=10.1108%2fPM-06-2021-0043&partnerID=40&md5=d97bfad5d6776513940a9b47d8a21986
Article,Modern Slavery and the Discursive Construction of a Propertied Freedom: Evidence from Australian Business,2022,11,10.1007/s10551-021-04845-w,https://www.scopus.com/inward/record.uri?eid=2-s2.0-85107402220&doi=10.1007%2fs10551-021-04845-w&partnerID=40&md5=d77243bd34754f80ec785d5f6753e4f1
Article,The Role of Stakeholders' Collaboration in Eliminating Child Labor: A Case of Indonesia's Agriculture Sector,2023,0,,http://jurnalpengabdianmasyarakatbangsa.com/index.php/jpmba/article/download/351/241
Article,Socially responsible supply chain initiatives and their outcomes: a taxonomy of manufacturing companies,2023,19,,https://www.researchgate.net/profile/Fernando-Picasso/publication/354419318_Socially_responsible_supply_chain_initiatives_and_their_outcomes_a_taxonomy_of_manufacturing_companies/links/6142354928667828a89811f4/Socially-responsible-supply-chain-initiatives
Article,Unprotected Youth Workers in US Agriculture,2023,0,,https://www.frontiersin.org/journals/public-health/articles/10.3389/fpubh.2023.1064143/pdf
Article,Rural child labor in a village in Fayoum Governorate,2023,0,,https://journals.ekb.eg/article_311914_56375d4d17f96bf86f800eea2273aaf3.pdf
Article,The trade effects of information provision about forced and child labor,2023,4,,https://www.sciencedirect.com/science/article/pii/S0305750X23000359
Article,Journal of Agriculture and Food Research,2023,0,,https://www.researchgate.net/profile/Fred-Ankuyi/publication/376278128_Impact_of_children's_appropriate_work_participation_in_cocoa_farms_on_household_welfare_Evidence_from_Ghana/links/6574cea76610947889b14270/Impact-of-childrens-appropriate-work-particip
Article,Precarious Employment and Bonded Labor: Assessment from Agriculture Sector of Punjab (Pakistan),2023,0,,https://poverty.com.pk/index.php/Journal/article/download/458/408
Article,Disappearing Dalit Haruwa-Charuwa labor in Tarai Agriculture: Causes and Consequences of Land Fragmentation,2023,0,,https://nepjol.info/index.php/naj/article/download/58799/43899
Article,Fertile Lands: Fertility and Agriculture in an 8 Billion World: An empirical study on how agricultural output affects fertility rates in Sub-Saharan Africa,2023,0,,https://www.diva-portal.org/smash/get/diva2:1736216/FULLTEXT01.pdf
Article,Admitting privileges: A construction ecology perspective on the unintended consequences of medical school admissions,2023,5,,https://link.springer.com/content/pdf/10.1007/s10459-023-10210-5.pdf
Article,Invisible Hands: Forced Labor in the United States and the H-2 Temporary Worker Visa Program,2023,0,10.15779/Z385M62790,https://www.scopus.com/inward/record.uri?eid=2-s2.0-85183203834&doi=10.15779%2fZ385M62790&partnerID=40&md5=cd2cfa4a0a69a70f890346e36712f2e9
Article,"Labor Exploitation, Class Consciousness and Gender in Spanish Literature of the Silver Age: the Working Woman in La tribuna by Emilia Pardo Bazán and Tea rooms by Luisa Carnés; [Explotación laboral, conciencia de clase y género en la literatura españ",2023,0,10.15366/BP2023.33.008,https://www.scopus.com/inward/record.uri?eid=2-s2.0-85182407839&doi=10.15366%2fBP2023.33.008&partnerID=40&md5=b1efff07a243454f248c7baa4f56f60a
Article,"Labor exploitation, discrimination and coping tactics of male forced migrants in Türkiye",2023,0,10.1177/01171968241231592,https://www.scopus.com/inward/record.uri?eid=2-s2.0-85186415158&doi=10.1177%2f01171968241231592&partnerID=40&md5=b70d8545bca2d58df113bb21ebc1bb23
Article,"Mobile money, child labour and school enrolment",2023,3,10.1016/j.telpol.2023.102648,https://www.scopus.com/inward/record.uri?eid=2-s2.0-85171373011&doi=10.1016%2fj.telpol.2023.102648&partnerID=40&md5=5b5cb015af0b0406c56b40f30a93570d
Article,FAUNA-DEPENDENT FEEDING IN EARLY HISPANIC-INDIGENOUS INTERACTION SITES IN NORTHEASTERN CUBA AND ITS CONNECTION WITH COLONIZATION PROCESSES; [ALIMENTAÇÃO DEPENDENTE DA FAUNA EM LOCAIS DE INTERAÇÃO HISPANO-INDÍGENA INICIAL NO NORDESTE DE CUBA E SUA REL,2023,0,10.24885/sab.v36i3.1045,https://www.scopus.com/inward/record.uri?eid=2-s2.0-85173912923&doi=10.24885%2fsab.v36i3.1045&partnerID=40&md5=d7d2d432b87a558bc735322fb37c9e8d
Article,Child Labour and Capitalist Social Engineering in Africa: Divorcing Society from the Means of Production,2023,0,10.1163/26667185-bja10039,https://www.scopus.com/inward/record.uri?eid=2-s2.0-85179035513&doi=10.1163%2f26667185-bja10039&partnerID=40&md5=b94c7ee59fa2a426df2b57a484e7c3d3
Article,BETWEEN A RELIC OF THE PAST AND A SOCIALIST DUTY: CHILD AND ADOLESCENT LABOUR IN ‘COMMUNIST POLAND’ IN THE LIGHT OF LITERARY FICTION FOR YOUNG PEOPLE (1948–1980),2023,0,10.14746/sho.2023.41.2.007,https://www.scopus.com/inward/record.uri?eid=2-s2.0-85197753011&doi=10.14746%2fsho.2023.41.2.007&partnerID=40&md5=d6079b4bfb24598f81ab65464c795536
Article,Access to Finance and Technological Innovation: Evidence from Pre-Civil War America,2023,4,10.1017/S0022109022000795,https://www.scopus.com/inward/record.uri?eid=2-s2.0-85135453665&doi=10.1017%2fS0022109022000795&partnerID=40&md5=09324508c0764e68a55af7047bb2e85a
Article,The paradox of the peasantry in management and organization studies,2023,3,10.1108/IJOA-08-2021-2921,https://www.scopus.com/inward/record.uri?eid=2-s2.0-85121445437&doi=10.1108%2fIJOA-08-2021-2921&partnerID=40&md5=18b0690aa6360112db6bdbed597d2cad
Article,"THE ESTABLISHMENT OF SOVIET “SHARASHKAS” IN THE EARLY 1930S: REASONS, INSTITUTIONS, PERSONS; [СТАНОВЛЕНИЕ СОВЕТСКИХ «ШАРАШЕК» В НАЧАЛЕ 1930-х гг.: ПРИЧИНЫ, ИНСТИТУТЫ, ПЕРСОНЫ]",2023,0,10.30759/1728-9718-2023-1(78)-74-83,https://www.scopus.com/inward/record.uri?eid=2-s2.0-85168276980&doi=10.30759%2f1728-9718-2023-1%2878%29-74-83&partnerID=40&md5=0b3ede889fad28b9559adb54576b32b8
Article,Learning to see modern slavery in supply chains through paradoxical sensemaking,2023,10,10.1111/jscm.12309,https://www.scopus.com/inward/record.uri?eid=2-s2.0-85170711904&doi=10.1111%2fjscm.12309&partnerID=40&md5=9a7868536038dfc6698de8d60f8ac238
Article,Adoption and transferability of joint interventions to fight modern slavery in food supply chains,2023,11,10.1016/j.ijpe.2023.108809,https://www.scopus.com/inward/record.uri?eid=2-s2.0-85149181993&doi=10.1016%2fj.ijpe.2023.108809&partnerID=40&md5=49ce372aa465f98333192e7c8e0917f1
Article,  Nahu-kparilim (cattle caretakership): understanding the persistence of unfree Fulani labour and the (non)violent renegotiation of power relations in agrarian economies in northern Ghana; [    Nahu-kparilim (gardiennage du bétail) : comprendre la persis,2023,0,10.1080/03056244.2023.2192344,https://www.scopus.com/inward/record.uri?eid=2-s2.0-85167344675&doi=10.1080%2f03056244.2023.2192344&partnerID=40&md5=2c5ff340d56bed5c24d5cdf74101cd6f
Article,The prison-handicraft complex: Convict labour in colonial India,2023,3,10.1017/S0026749X22000324,https://www.scopus.com/inward/record.uri?eid=2-s2.0-85153535774&doi=10.1017%2fS0026749X22000324&partnerID=40&md5=fa220bb4371dbc87fb9c7f2e61bd1972
Article,The Development of Vocational-Technical Education in the Ukrainian Governorates of the Russian Empire in the Late 18th and Early 20th Centuries. Part 2,2023,4,10.13187/ejced.2023.3.1071,https://www.scopus.com/inward/record.uri?eid=2-s2.0-85173073685&doi=10.13187%2fejced.2023.3.1071&partnerID=40&md5=107bc58d4ae836890123ae84ab69d81b
Article,Modern Slavery in Projects: A Systematic Literature Review and Research Agenda,2023,14,10.1177/87569728221148158,https://www.scopus.com/inward/record.uri?eid=2-s2.0-85147168862&doi=10.1177%2f87569728221148158&partnerID=40&md5=cba7f288beee3f5f7b6b2c39934921f9
Article,Developing Infographics to Present Research Findings from CBPR to Latinx Farmworker Community Members,2023,0,10.1353/cpr.2023.a900202,https://www.scopus.com/inward/record.uri?eid=2-s2.0-85165517333&doi=10.1353%2fcpr.2023.a900202&partnerID=40&md5=89b22fdb5dfbc8b6aae1f91f3ae0b834
Article,Towards abolitionist agrarian geographies of Kentucky,2023,1,10.1177/25148486231187795,https://www.scopus.com/inward/record.uri?eid=2-s2.0-85165430821&doi=10.1177%2f25148486231187795&partnerID=40&md5=45db3fec51c9a0bcabff7ada67b775b6
Article,Tolerant Tea Shops: The Social Construction of Forbearance in Child Labor,2023,0,10.1353/jbs.2023.a902622,https://www.scopus.com/inward/record.uri?eid=2-s2.0-85168143658&doi=10.1353%2fjbs.2023.a902622&partnerID=40&md5=b30ce0ee5405a01015fa518a9fa972b9
Article,Ecological shocks and children's school attendance and farm work in Ghana,2023,2,10.1016/j.wdp.2023.100529,https://www.scopus.com/inward/record.uri?eid=2-s2.0-85169338205&doi=10.1016%2fj.wdp.2023.100529&partnerID=40&md5=0fd852c7c153122a3dcd488e5e9937d8
Article,Labor exploitation in the Italian agricultural sector: the case of vulnerable migrants in Tuscany,2023,5,10.3389/fsoc.2023.1234873,https://www.scopus.com/inward/record.uri?eid=2-s2.0-85174636832&doi=10.3389%2ffsoc.2023.1234873&partnerID=40&md5=8ecd84ab5495fcdd566db050f46d63c5
Article,"Interculturality and rural childhood: work and care in La Araucanía, Chile; [Interculturalidade e infância rural: trabalho e cuidado em La Araucanía, Chile]; [Interculturalidad e infancia rural: trabajo y cuidado en La Araucanía, Chile]",2023,2,10.11600/rlcsnj.21.3.5058,https://www.scopus.com/inward/record.uri?eid=2-s2.0-85172391937&doi=10.11600%2frlcsnj.21.3.5058&partnerID=40&md5=2a4eb21230c1809a737338b542c18a90
Article,Fruit production and exploited labor in northern Italy: Redefining urban responsibility toward the agrarian ground,2023,3,10.1111/ciso.12472,https://www.scopus.com/inward/record.uri?eid=2-s2.0-85176591323&doi=10.1111%2fciso.12472&partnerID=40&md5=8bd7eae9d3116aaee96226e3f9ca3c18
Article,Management controls and modern slavery risks in the building and construction industry: Lessons from an Australian social housing provider,2023,10,10.1016/j.bar.2022.101098,https://www.scopus.com/inward/record.uri?eid=2-s2.0-85130419316&doi=10.1016%2fj.bar.2022.101098&partnerID=40&md5=741c7241162619e966d8f88834742666
Article,Change in Rhetoric but not in Action? Framing of the Ethical Issue of Modern Slavery in a UK Sector at High Risk of Labor Exploitation,2023,18,10.1007/s10551-021-05013-w,https://www.scopus.com/inward/record.uri?eid=2-s2.0-85120681629&doi=10.1007%2fs10551-021-05013-w&partnerID=40&md5=9a491178cc257a4e5f6011fa2adb4065
Article,Public policies to fight child labor: challenges for comprehensive health care and intersectoriality; [Políticas públicas de enfrentamento ao trabalho infantil: desafios para atenção integral em saúde e intersetorialidade],2023,0,10.1590/S0103-7331202333006,https://www.scopus.com/inward/record.uri?eid=2-s2.0-85156261843&doi=10.1590%2fS0103-7331202333006&partnerID=40&md5=678f885043b998d59600da58b8fe11ed
Article,Expressly Orient? Britain’s railway-making in pre-colonial Egypt,2023,0,10.1080/09518967.2023.2177816,https://www.scopus.com/inward/record.uri?eid=2-s2.0-85163193010&doi=10.1080%2f09518967.2023.2177816&partnerID=40&md5=98b09a67fb1003af85601e3eb55a6b7d
Article,State of play in Australian sustainable fashion research: Current and future directions,2023,0,10.1386/infs_00083_1,https://www.scopus.com/inward/record.uri?eid=2-s2.0-85161309775&doi=10.1386%2finfs_00083_1&partnerID=40&md5=273c0d430efaf64f83cb06cbdb8c1bba
Article,"The German construction industry and industrial self-responsibility in occupied Europe, 1939–45",2023,0,10.1080/03585522.2021.1984301,https://www.scopus.com/inward/record.uri?eid=2-s2.0-85118219195&doi=10.1080%2f03585522.2021.1984301&partnerID=40&md5=6f87e2c0bb33a68333b67634f8b57ad8
Article,The occupational distribution of foundling apprentices during the English Industrial Revolution,2023,0,10.1080/03071022.2023.2179747,https://www.scopus.com/inward/record.uri?eid=2-s2.0-85151673682&doi=10.1080%2f03071022.2023.2179747&partnerID=40&md5=516ab89d36ebe38dbbbbd8bef01905c3
Article,"Worker’s Health Quest: disease, prevention, and edutainment; [Trilhando pela saúde do trabalhador e da trabalhadora: o agravo, a prevenção e a ludicidade]",2023,0,10.47626/1679-4435-2023-810,https://www.scopus.com/inward/record.uri?eid=2-s2.0-85160769959&doi=10.47626%2f1679-4435-2023-810&partnerID=40&md5=85e3e936ceb28d9d4f2064c7e506128c
Article,‘They think you belong to them’: migrant workers’ perspectives on labour exploitation in Spain,2023,3,10.1080/1369183X.2023.2235896,https://www.scopus.com/inward/record.uri?eid=2-s2.0-85165142686&doi=10.1080%2f1369183X.2023.2235896&partnerID=40&md5=10c57bdc57901edda5e1fe8e56d6eca6
Article,"Taylorism Comes to the Fields: Labor Control, Labor Supply, Labor Process, and the Twilight of Fordism in California Agribusiness",2023,2,10.1080/00130095.2023.2188188,https://www.scopus.com/inward/record.uri?eid=2-s2.0-85150900552&doi=10.1080%2f00130095.2023.2188188&partnerID=40&md5=fbada8d3eda375f4b380eb47d7cfa2aa
Article,Cultural capital and constrained agency in debt-migration for construction work in India,2023,5,10.1080/09502386.2022.2045333,https://www.scopus.com/inward/record.uri?eid=2-s2.0-85126213088&doi=10.1080%2f09502386.2022.2045333&partnerID=40&md5=2e6f1dd1f39359737947d9318dd652b7
Article,Frames of consumer mobilization and modern slavery,2024,0,,https://www.sciencedirect.com/science/article/pii/S0167811624000934/pdf?md5=5cb8becd451df4dc9fc6a6422f6005c3&pid=1-s2.0-S0167811624000934-main.pdf
Article,Occupational Safety Program regarding Preventive Measures of Occupational Health Hazards among Agriculture Child Labor,2024,0,,https://journals.ekb.eg/article_349263_5b8f0ee630929b78060bac22c470b2bc.pdf
Article,Exploited: The Unexpected Victims of Animal Agriculture,2024,0,,https://lawcommons.lclark.edu/cgi/viewcontent.cgi?article=1331&context=alr
Article,Combating Child Laboure In Pakistan's Agriculture Sector: Current Scenario And Emerging Policy Challenges,2024,0,,https://kurdishstudies.net/menu-script/index.php/KS/article/download/3128/2096
Article,CONSTRUCTION OF LEGAL PROTECTION AGAINST CHILDREN VICTIMS OF PSYCHICAL VIOLENCE IN THE HOUSE,2024,0,,https://www.ejournalugj.com/index.php/HERMENEUTIKA/article/download/9276/4099
Article,Towards sustainable success: A framework for assessing performance of sustainable manufacturing adoption in Indian textile industry,2024,2,,https://www.sciencedirect.com/science/article/pii/S2666188824000662
Article,The ugly side of construction: modern slavery in the 2022 FIFA World Cup program,2024,5,,
Article,Anti-trafficking Chains: Analyzing the Impact of Transparency Legislation in the UK Construction Sector,2024,3,,https://www.cambridge.org/core/services/aop-cambridge-core/content/view/1997774FA91948167C0C71BFA5D324C3/S0897654624000066a.pdf/antitrafficking_chains_analyzing_the_impact_of_transparency_legislation_in_the_uk_construction_sector.pdf
Article,Understanding digital sweatshops: A qualitative investigation of workers' perspectives,2024,0,,https://link.springer.com/article/10.1007/s13520-024-00210-y
Article,Devaluation of Labour Rights: An Empirical Perspective on Increasing Contractualisation of Work in India's Manufacturing Sector,2024,0,,https://link.springer.com/article/10.1007/s41134-023-00291-y
Article,"Exploring the Ethical Dimensions of Space Construction: A Holistic Examination of Resource Extraction, Social Sustainability, and Global Equity",2024,0,,
Article,"Child Fatalities in Tractor-Related Accidents in Rural Iceland, 1918–2024: A Historical Analysis",2024,0,10.3390/ijerph21101295,https://www.scopus.com/inward/record.uri?eid=2-s2.0-85207286961&doi=10.3390%2fijerph21101295&partnerID=40&md5=374f0906dcf4b8acb9cf1bf0212f835f
Article,"Child Labour Challenges and Security Implications in Selected Local Government Areas in Ondo State, Nigeria",2024,0,10.3390/socsci13100512,https://www.scopus.com/inward/record.uri?eid=2-s2.0-85207267487&doi=10.3390%2fsocsci13100512&partnerID=40&md5=7f38d1911ec9320d388735433ebf3a78
Article,Muckraking Through the Novel: Upton Sinclair's the Jungle and the Early History of Human Resources Management,2024,0,10.2478/orga-2024-0007,https://www.scopus.com/inward/record.uri?eid=2-s2.0-85186919381&doi=10.2478%2forga-2024-0007&partnerID=40&md5=501b155354234b25f37e58ec5afc17ef
Article,Turning a Blind Eye: Ignoring Modern Slavery in the Race to Construction Project Completion,2024,0,10.1061/JCEMD4.COENG-14653,https://www.scopus.com/inward/record.uri?eid=2-s2.0-85200680556&doi=10.1061%2fJCEMD4.COENG-14653&partnerID=40&md5=488497c190028cb86d379498fcab2c4c
Article,Intersectional regimes of precariousness. Notes on the margins of a qualitative research on the severe exploitation of migrant labour in Liguria; [Regimi intersezionali di precarietà. Note a margine di una ricerca qualitativa sul grave sfruttamento del l,2024,0,10.3280/SL2024-169009,https://www.scopus.com/inward/record.uri?eid=2-s2.0-85209198699&doi=10.3280%2fSL2024-169009&partnerID=40&md5=d114304bd9c6f3761a5989fd96b1545c
Article,"Rural Roads, Child Labor, and Schooling in Rural Ethiopia",2024,0,10.1080/00220388.2024.2383397,https://www.scopus.com/inward/record.uri?eid=2-s2.0-85200108450&doi=10.1080%2f00220388.2024.2383397&partnerID=40&md5=ff08a88317c17d1ef2e66b0b67ee6a73
Article,Preservation and heritage protection of the archaeological remains of prison and forced labour camps from the period of Nazi occupation and the Communist era in West Bohemia,2024,2,10.11141/ia.66.17,https://www.scopus.com/inward/record.uri?eid=2-s2.0-85189349662&doi=10.11141%2fia.66.17&partnerID=40&md5=0efadcd653e48e4f3599909a092e0153
Article,"‘Saviours’, ‘Business Partners’, or ‘Snobs’? How Jewish Inmates Perceived and Interacted with British Prisoners of War in the Nazi Camp Complex Blechhammer (Upper Silesia)",2024,0,10.1177/02656914241260590,https://www.scopus.com/inward/record.uri?eid=2-s2.0-85200465545&doi=10.1177%2f02656914241260590&partnerID=40&md5=b984e034e3782717b1a31e8a9d5cf655
Article,The European Union's forced labour regulation: Putting the ‘brussels effect’ to work for international labour standards,2024,1,10.1177/20319525231221097,https://www.scopus.com/inward/record.uri?eid=2-s2.0-85180186203&doi=10.1177%2f20319525231221097&partnerID=40&md5=1f3f23780df4b95c8a71ebb6bd997411
Article,Child labor and public policies. A training experience for situated territorial management; [Trabajo infantil y políticas públicas. Una experiencia de formación para la gestión territorial situada],2024,0,10.24215/15155994e243,https://www.scopus.com/inward/record.uri?eid=2-s2.0-85203236271&doi=10.24215%2f15155994e243&partnerID=40&md5=9aa06e1419c90e5e85d266962e56f678
Article,Sustainable Manufacturing: A Review and Framework Derivation,2024,2,10.3390/su16010119,https://www.scopus.com/inward/record.uri?eid=2-s2.0-85181950860&doi=10.3390%2fsu16010119&partnerID=40&md5=0119b29ffa664747e273decea7b9281a
Article,Institutional Logics in the UK Construction Industry’s Response to Modern Slavery Risk: Complementarity and Conflict,2024,1,10.1007/s10551-023-05455-4,https://www.scopus.com/inward/record.uri?eid=2-s2.0-85161268507&doi=10.1007%2fs10551-023-05455-4&partnerID=40&md5=db439f099d7a871fcef858c98557b6c7
Article,Towards more circular building services: A social footprint of the sectors manufacturing and remanufacturing chillers for the European market,2024,0,10.1007/s11367-024-02377-9,https://www.scopus.com/inward/record.uri?eid=2-s2.0-85205813932&doi=10.1007%2fs11367-024-02377-9&partnerID=40&md5=f9408274281907f79f9a16c0a8924420
Article,"GUARDIANSHIP, PATERNALISM AND COERCION AT THE CROSSROADS OF INDIGENOUS LABOR: AN APPROACH TO THE CHIRIGUANO EXPERIENCE IN CHARCAS (16TH-18TH CENTURIES); [TUTELA, PATERNALISMO Y COERCIÓN EN LA ENCRUCIJADA DE LA EXPERIENCIA LABORAL INDÍGENA: ACERCAMIENTO ",2024,0,10.53382/issn.2452-445X.836,https://www.scopus.com/inward/record.uri?eid=2-s2.0-85203465242&doi=10.53382%2fissn.2452-445X.836&partnerID=40&md5=145c23b12b45c76cd3ae471f0f34caca
Article,Evaluating barriers to blockchain technology for sustainable agricultural supply chain: A fuzzy hierarchical group DEMATEL approach,2024,2,10.1007/s12063-024-00443-x,https://www.scopus.com/inward/record.uri?eid=2-s2.0-85187444276&doi=10.1007%2fs12063-024-00443-x&partnerID=40&md5=c18c39513be23a0ba0f7c48287c5761e
Article,Could commodities themselves speak? An introduction to the agnotology of the spectacle,2024,1,10.1177/02637758241227243,https://www.scopus.com/inward/record.uri?eid=2-s2.0-85186193993&doi=10.1177%2f02637758241227243&partnerID=40&md5=2f975ec5290026541bb6d4454d661ab0
Article,The «great experiment» of cheap labor in Mauritius: a historical perspective,2024,0,10.1080/0023656X.2024.2419649,https://www.scopus.com/inward/record.uri?eid=2-s2.0-85207281283&doi=10.1080%2f0023656X.2024.2419649&partnerID=40&md5=60048850ae868506590ec1c1c6657efe
Article,Utilising the communication for development approach to prevent online child trafficking in Thailand,2024,0,10.1057/s41599-024-02614-4,https://www.scopus.com/inward/record.uri?eid=2-s2.0-85184162148&doi=10.1057%2fs41599-024-02614-4&partnerID=40&md5=cfec9ca22ae5e2485fed2d2c4241c4de
Article,JEWISH FORCED-LABOR CAMPS ALONG THE ROAD KRYVYI RIH – DNIPRO (DNIPROPETROVSK) (BASED ON ORAL HISTORY SOURCES),2024,0,10.33782/eminak2024.3(47).747,https://www.scopus.com/inward/record.uri?eid=2-s2.0-85208108684&doi=10.33782%2feminak2024.3%2847%29.747&partnerID=40&md5=30104f10ad909567e6c9aceb809c477c
Article,Constructing the geographical imagination: the Dickensian as a discourse; [La construction de l’imagination géographique : le dickensien en tant que discours]; [La construcción de la imaginación geográfica: lo dickensianocomo discurso],2024,0,10.1080/14649365.2024.2403099,https://www.scopus.com/inward/record.uri?eid=2-s2.0-85204541305&doi=10.1080%2f14649365.2024.2403099&partnerID=40&md5=b4ede05421e74aacef85c3a1a0e3195f
Article,Preventing and redressing exploitation. Methods of anti-trafficking social work outreach in Northern Italy; [Protezione sociale contro lo sfruttamento. Metodi dell'assistenza di prossimità nell'Italia settentrionale],2024,1,10.1080/13691457.2022.2139665,https://www.scopus.com/inward/record.uri?eid=2-s2.0-85142142228&doi=10.1080%2f13691457.2022.2139665&partnerID=40&md5=fc78a92ecc22655000b5ac11f6cf8690
Article,Child Laborers’ Exposure to Neglect in Rural Bangladesh: Prevalence and Risk Factors,2024,0,10.1007/s12187-024-10129-2,https://www.scopus.com/inward/record.uri?eid=2-s2.0-85191399250&doi=10.1007%2fs12187-024-10129-2&partnerID=40&md5=4795c2f9addafb46b488a891c7933bf4
Article,The Intersectionality Between Amazon and Commodities Production: A Close Look at Sustainability,2024,0,10.3390/land13101708,https://www.scopus.com/inward/record.uri?eid=2-s2.0-85207370776&doi=10.3390%2fland13101708&partnerID=40&md5=c816656de8bb4909903d9bd1466621bc
Article,A Systematic Review of Green and Digital Transitional Factors in the Fashion Industry,2024,1,10.2478/bsrj-2024-0001,https://www.scopus.com/inward/record.uri?eid=2-s2.0-85205471534&doi=10.2478%2fbsrj-2024-0001&partnerID=40&md5=eaa0993cf7713673ebb10ad8d1f65439
Article,How to differentiate peasant classes in capital-intensive agriculture?,2024,0,10.1111/joac.12566,https://www.scopus.com/inward/record.uri?eid=2-s2.0-85172101761&doi=10.1111%2fjoac.12566&partnerID=40&md5=5436acfbbb3a286b81d82fedc4bb05fe
Article,Social life cycle assessment in the chocolate industry: A Colombian case study with Luker Chocolate,2024,4,10.1007/s11367-023-02261-y,https://www.scopus.com/inward/record.uri?eid=2-s2.0-85183663618&doi=10.1007%2fs11367-023-02261-y&partnerID=40&md5=1c5efa33fa0ceac9b4cbbf640bad46f7
Article,Achieving sustainable development through agriculture-forestry-livestock nexus in Bangladesh: Synergies and trade-offs,2024,3,10.1016/j.agsy.2024.103854,https://www.scopus.com/inward/record.uri?eid=2-s2.0-85182363908&doi=10.1016%2fj.agsy.2024.103854&partnerID=40&md5=13a7e5e7687ea998bcb71942ec35d660
Article,Constructions of migrant victims of labor exploitation in Nordic court cases,2024,3,10.1177/02697580231174912,https://www.scopus.com/inward/record.uri?eid=2-s2.0-85163046065&doi=10.1177%2f02697580231174912&partnerID=40&md5=fa0f6298ec8c2a00ce0a6ab19723df27
Article,Essential(ly forgotten) workers: Latine youth farmworkers during the COVID-19 pandemic,2024,0,10.1002/ajim.23671,https://www.scopus.com/inward/record.uri?eid=2-s2.0-85206671130&doi=10.1002%2fajim.23671&partnerID=40&md5=46f3d0f3fc7c7b97439aade1621ecf09
Article,Disembedding and re-embedding practices of social innovation at the nexus of migration and labour exploitation in agriculture,2024,0,10.3389/fsufs.2024.1324465,https://www.scopus.com/inward/record.uri?eid=2-s2.0-85198545917&doi=10.3389%2ffsufs.2024.1324465&partnerID=40&md5=740eedd57ae3b1ae7c00035ca1ddbe51
Article,Reservoirs of power: The political legacy of dam construction in Franco's Spain,2024,0,10.1016/j.eeh.2024.101628,https://www.scopus.com/inward/record.uri?eid=2-s2.0-85206148318&doi=10.1016%2fj.eeh.2024.101628&partnerID=40&md5=d0162bd0adbcf47b1c8d19d9b7463c05
Article,Persistent Agricultural Shocks and Child Poverty,2024,1,10.1080/00220388.2023.2253977,https://www.scopus.com/inward/record.uri?eid=2-s2.0-85171673181&doi=10.1080%2f00220388.2023.2253977&partnerID=40&md5=42c35ea4ebea8de18db5b57d620d87ca
Article,Forced labor and Transportation: Multi-disciplinary perspectives,2024,4,10.1016/j.trip.2023.100999,https://www.scopus.com/inward/record.uri?eid=2-s2.0-85180784153&doi=10.1016%2fj.trip.2023.100999&partnerID=40&md5=dee49432de5bca485537389833e3d1c9
Article,Communist Prison Camps as Sites of Memory and Legacies of Dissent: Belene and Goli Otok in Bulgarian and Croatian Cultural Memory,2024,0,10.1177/08883254231203733,https://www.scopus.com/inward/record.uri?eid=2-s2.0-85208978619&doi=10.1177%2f08883254231203733&partnerID=40&md5=71f0ed06e131e9f39f2be47eb8ead119
Article,More is more. Combined livelihood-education interventions and their effect on child labour in the agricultural sector,2024,0,10.1080/19439342.2024.2376559,https://www.scopus.com/inward/record.uri?eid=2-s2.0-85199068829&doi=10.1080%2f19439342.2024.2376559&partnerID=40&md5=24e23db9e0766aec15395807e101efcd
Article,Survey on daily wages of women and men of the manufacturing industry in santiago and valparaíso in mid-twentieth century chile ¿what can be done with this information?; [Pesquisa sobre os salários diários de mulheres e homens da indústria manufaturei,2024,0,10.35588/5rchq717,https://www.scopus.com/inward/record.uri?eid=2-s2.0-85201042684&doi=10.35588%2f5rchq717&partnerID=40&md5=d27dd72a8983edc2fe4e8b512eb6c6ca
Article,Research on objective evaluation methods of labor education teaching for college students in higher education,2024,0,10.2478/amns-2024-0905,https://www.scopus.com/inward/record.uri?eid=2-s2.0-85192068830&doi=10.2478%2famns-2024-0905&partnerID=40&md5=4bdbfa2db8311b0064e1aeaca0b73936
Article,"Forced Labour, Global Supply Chain and TNCs: Recent Trends and Practices",2024,0,10.54648/GTCJ2024073,https://www.scopus.com/inward/record.uri?eid=2-s2.0-85204432812&doi=10.54648%2fGTCJ2024073&partnerID=40&md5=72634d08666d432a7a6a3a00f92c1325
Article,Assessing the social life cycle impacts of the Spanish electricity mix: A decadal analysis,2024,1,10.1016/j.spc.2024.06.030,https://www.scopus.com/inward/record.uri?eid=2-s2.0-85197626292&doi=10.1016%2fj.spc.2024.06.030&partnerID=40&md5=47c751e4c813b159f3905d64fb4c157c
Article,"Two birds, one stone: minimum wage and child labor",2024,0,10.1108/IJM-08-2023-0440,https://www.scopus.com/inward/record.uri?eid=2-s2.0-85208242900&doi=10.1108%2fIJM-08-2023-0440&partnerID=40&md5=f30e78dd2c83ab824f5cddb6420c7f86
Article,What Led to the Decline of Child Labour in the European Periphery? A Cointegration Approach with Long Historical Data,2024,0,10.1007/s11205-024-03315-w,https://www.scopus.com/inward/record.uri?eid=2-s2.0-85188442547&doi=10.1007%2fs11205-024-03315-w&partnerID=40&md5=8f632ccacf6daf2cb3c6c306ea11ce9c
Article,The ugly side of construction: modern slavery in the 2022 FIFA World Cup program,2024,3,10.1080/01446193.2023.2269434,https://www.scopus.com/inward/record.uri?eid=2-s2.0-85175377425&doi=10.1080%2f01446193.2023.2269434&partnerID=40&md5=e26f8321241c4357e91d692da6b3aeea
Article,Modern slavery supply chain capabilities: the effects of Blockchain technology and employees’ digital dexterity,2024,0,10.1108/IJOPM-11-2023-0881,https://www.scopus.com/inward/record.uri?eid=2-s2.0-85191743034&doi=10.1108%2fIJOPM-11-2023-0881&partnerID=40&md5=8c830cc9fc7e21cd351ebaa824bca4b3
Article,Anti-trafficking Chains: Analyzing the Impact of Transparency Legislation in the UK Construction Sector,2024,2,10.1017/lsi.2024.6,https://www.scopus.com/inward/record.uri?eid=2-s2.0-85185268496&doi=10.1017%2flsi.2024.6&partnerID=40&md5=53e79764215fdae4be4b138e2d8055e5
Article,"Social Washing in Architecture, Engineering, and Construction Firms",2025,0,10.1061/JMENEA.MEENG-6095,https://www.scopus.com/inward/record.uri?eid=2-s2.0-85206079483&doi=10.1061%2fJMENEA.MEENG-6095&partnerID=40&md5=636e20e8bbeeb5a385aad0002d810ecf
Conference Paper,Corporate social responsibility in the supply chain: an application in the food industry,2006,1521,,https://www.academia.edu/download/82150540/25123894.pdf
Conference Paper,The supply chain has no clothes: Technology adoption of blockchain for supply chain transparency,2018,1135,,https://www.mdpi.com/2305-6290/2/1/2/pdf